codice_istat;cap
;
058021;00010
058040;00010
058056;00010
058061;00010
058063;00010
058066;00010
058067;00010
058078;00010
058095;00010
058096;00010
058098;00010
058047;00012
058059;00013
058122;00013
058065;00015
058071;00017
058075;00018
058104;00019
058002;00020
058008;00020
058014;00020
058017;00020
058027;00020
058028;00020
058030;00020
058031;00020
058048;00020
058053;00020
058055;00020
058076;00020
058077;00020
058083;00020
058084;00020
058087;00020
058094;00020
058101;00020
058108;00020
058109;00020
058113;00020
058001;00021
058006;00022
058010;00023
058023;00024
058044;00025
058051;00026
058092;00027
058103;00028
058112;00029
058012;00030
058019;00030
058025;00030
058035;00030
058041;00030
058042;00030
058045;00030
058049;00030
058062;00030
058085;00030
058089;00030
058090;00030
058100;00030
058119;00030
058011;00031
058020;00032
058026;00033
058034;00034
058073;00035
058074;00036
058102;00037
058110;00038
058114;00039
058086;00040
058117;00040
058003;00041
058007;00042
058118;00043
058039;00044
058043;00045
058046;00046
058057;00047
058072;00048
058111;00049
058004;00051
058029;00052
058032;00053
058120;00054
058116;00055
058097;00058
058105;00059
058016;00060
058018;00060
058024;00060
058033;00060
058037;00060
058038;00060
058052;00060
058058;00060
058069;00060
058080;00060
058081;00060
058093;00060
058099;00060
058106;00060
058005;00061
058013;00062
058015;00063
058036;00065
058054;00066
058068;00067
058082;00068
058107;00069
058079;00071
058009;00072
058022;00073
058070;00074
058050;00075
058115;00076
058060;00077
058064;00078
058088;00079
058091;00118
058091;00119
058091;00120
058091;00121
058091;00122
058091;00123
058091;00124
058091;00125
058091;00126
058091;00127
058091;00128
058091;00131
058091;00132
058091;00133
058091;00134
058091;00135
058091;00136
058091;00137
058091;00138
058091;00139
058091;00141
058091;00142
058091;00143
058091;00144
058091;00145
058091;00146
058091;00147
058091;00148
058091;00149
058091;00151
058091;00152
058091;00153
058091;00154
058091;00155
058091;00156
058091;00157
058091;00158
058091;00159
058091;00161
058091;00162
058091;00163
058091;00164
058091;00165
058091;00166
058091;00167
058091;00168
058091;00169
058091;00171
058091;00172
058091;00173
058091;00174
058091;00175
058091;00176
058091;00177
058091;00178
058091;00179
058091;00181
058091;00182
058091;00183
058091;00184
058091;00185
058091;00186
058091;00187
058091;00188
058091;00189
058091;00191
058091;00192
058091;00193
058091;00195
058091;00196
058091;00197
058091;00198
058091;00199
056002;01010
056004;01010
056007;01010
056013;01010
056020;01010
056026;01010
056028;01010
056031;01010
056032;01010
056034;01010
056037;01010
056040;01010
056041;01010
056043;01010
056046;01010
056051;01010
056056;01010
056012;01011
056014;01012
056035;01014
056049;01015
056050;01016
056052;01017
056053;01018
056057;01019
056009;01020
056019;01020
056022;01020
056029;01020
056033;01020
056044;01020
056047;01020
056001;01021
056003;01022
056008;01023
056018;01024
056030;01025
056036;01027
056042;01028
056005;01030
056006;01030
056010;01030
056011;01030
056016;01030
056017;01030
056023;01030
056025;01030
056038;01030
056054;01030
056055;01030
056060;01030
056015;01032
056021;01033
056024;01034
056027;01035
056039;01036
056045;01037
056048;01038
056058;01039
056059;01100
057006;02010
057008;02010
057015;02010
057017;02010
057022;02010
057032;02010
057037;02010
057045;02010
057060;02010
057001;02011
057002;02012
057003;02013
057009;02014
057016;02015
057033;02016
057051;02018
057057;02019
057004;02020
057005;02020
057013;02020
057019;02020
057020;02020
057023;02020
057034;02020
057036;02020
057046;02020
057048;02020
057071;02020
057073;02020
057007;02021
057018;02022
057028;02023
057049;02024
057050;02025
057062;02026
057011;02030
057030;02030
057055;02030
057056;02030
057058;02030
057069;02030
057014;02031
057027;02032
057041;02033
057044;02034
057047;02035
057054;02037
057064;02038
057068;02039
057010;02040
057024;02040
057026;02040
057038;02040
057039;02040
057040;02040
057042;02040
057043;02040
057052;02040
057061;02040
057063;02040
057065;02040
057067;02040
057072;02040
057012;02041
057021;02042
057025;02043
057029;02044
057031;02045
057035;02046
057053;02047
057066;02048
057070;02049
057059;02100
060002;03010
060028;03010
060034;03010
060039;03010
060048;03010
060053;03010
060071;03010
060073;03010
060078;03010
060080;03010
060081;03010
060087;03010
060003;03011
060006;03012
060033;03013
060035;03014
060042;03016
060045;03017
060046;03018
060076;03019
060009;03020
060023;03020
060032;03020
060041;03020
060047;03020
060051;03020
060075;03020
060079;03020
060082;03020
060090;03020
060005;03021
060014;03022
060024;03023
060025;03024
060044;03025
060055;03026
060058;03027
060064;03028
060085;03029
060015;03030
060016;03030
060017;03030
060020;03030
060022;03030
060027;03030
060029;03030
060037;03030
060049;03030
060052;03030
060057;03030
060059;03030
060069;03030
060086;03030
060089;03030
060007;03031
060008;03032
060010;03033
060018;03034
060036;03035
060043;03036
060056;03037
060060;03038
060074;03039
060001;03040
060012;03040
060013;03040
060021;03040
060030;03040
060040;03040
060050;03040
060054;03040
060061;03040
060065;03040
060066;03040
060070;03040
060072;03040
060077;03040
060083;03040
060084;03040
060088;03040
060091;03040
060004;03041
060011;03042
060019;03043
060026;03044
060031;03045
060062;03046
060063;03047
060067;03048
060068;03049
060038;03100
059002;04010
059006;04010
059013;04010
059016;04010
059020;04010
059021;04010
059022;04010
059023;04010
059029;04010
059001;04011
059005;04012
059027;04013
059017;04014
059019;04015
059024;04016
059025;04017
059028;04018
059032;04019
059003;04020
059010;04020
059015;04020
059026;04020
059031;04020
059004;04021
059007;04022
059008;04023
059009;04024
059012;04025
059014;04026
059018;04027
059030;04029
059033;04031
059011;04100
055020;05010
055025;05010
055028;05010
055030;05010
055002;05011
055006;05012
055009;05013
055010;05014
055011;05015
055013;05016
055021;05017
055023;05018
055003;05020
055016;05020
055018;05020
055033;05020
055001;05021
055004;05022
055007;05023
055014;05024
055015;05025
055017;05026
055026;05028
055029;05029
055019;05030
055024;05030
055027;05030
055005;05031
055008;05032
055012;05034
055022;05035
055031;05039
055032;05100
054011;06010
054032;06010
054013;06012
054033;06014
054044;06016
054056;06019
054016;06021
054019;06022
054023;06023
054024;06024
054034;06025
054041;06026
054046;06027
054049;06028
054057;06029
054021;06030
054048;06030
054059;06030
054004;06031
054006;06033
054018;06034
054022;06035
054030;06036
054050;06038
054054;06039
054042;06040
054045;06040
054047;06040
054058;06040
054010;06041
054005;06042
054007;06043
054008;06044
054031;06045
054035;06046
054043;06047
054051;06049
054014;06050
054017;06053
054020;06054
054027;06055
054028;06056
054029;06057
054052;06059
054025;06060
054036;06060
054009;06061
054012;06062
054026;06063
054037;06064
054038;06065
054040;06066
054055;06069
054015;06073
054001;06081
054002;06083
054003;06084
054053;06089
054039;06121
054039;06122
054039;06123
054039;06124
054039;06125
054039;06126
054039;06127
054039;06128
054039;06129
054039;06131
054039;06132
054039;06133
054039;06134
054039;06135
112002;07010
112003;07010
112005;07010
112011;07010
112012;07010
112014;07010
112020;07010
112022;07010
112024;07010
112025;07010
112026;07010
112029;07010
112031;07010
112034;07010
112035;07010
112048;07010
112052;07010
112061;07010
112008;07011
112009;07012
112032;07013
112040;07014
112041;07015
112042;07016
112044;07017
112046;07018
112066;07019
113001;07020
113002;07020
113003;07020
113008;07020
113011;07020
113013;07020
113014;07020
113016;07020
113019;07020
113020;07020
113024;07020
113004;07021
113006;07022
113010;07023
113012;07024
113015;07025
113017;07026
113018;07027
113022;07028
113025;07029
112013;07030
112015;07030
112018;07030
112021;07030
112023;07030
112028;07030
112030;07030
112033;07030
112049;07030
112057;07030
112065;07030
113005;07030
113007;07030
113023;07030
112016;07031
112036;07032
112038;07033
112043;07034
112051;07035
112053;07036
112055;07037
113026;07038
112064;07039
112004;07040
112006;07040
112010;07040
112017;07040
112019;07040
112037;07040
112047;07040
112054;07040
112056;07040
112059;07040
112062;07040
112001;07041
112007;07043
112027;07044
112039;07045
112045;07046
112058;07047
112060;07048
112063;07049
113009;07051
113021;07052
112050;07100
114005;08010
114012;08010
114018;08010
114026;08010
114007;08011
114009;08012
114023;08015
114008;08016
114046;08017
114047;08018
114015;08020
114016;08020
114017;08020
114019;08020
114020;08020
114021;08020
114022;08020
114029;08020
114030;08020
114031;08020
114032;08020
114033;08020
114037;08020
114039;08020
114040;08020
114041;08020
114042;08020
114043;08020
114044;08020
114051;08020
114053;08020
114006;08021
114011;08022
114013;08023
114024;08024
114028;08025
114034;08026
114035;08027
114036;08028
114048;08029
114002;08030
114003;08030
114004;08030
114014;08030
114025;08030
114050;08030
114001;08031
114010;08032
114038;08036
114049;08038
114052;08039
116001;08040
116003;08040
116004;08040
116005;08040
116006;08040
116007;08040
116008;08040
116011;08040
116012;08040
116013;08040
116015;08040
116018;08040
116019;08040
116020;08040
116021;08040
116002;08042
116009;08044
116010;08045
116014;08046
116016;08047
116017;08048
116022;08049
114027;08100
118010;09010
118012;09010
118056;09010
118065;09010
118072;09010
119001;09010
119006;09010
119007;09010
119008;09010
119010;09010
119011;09010
119012;09010
119013;09010
119014;09010
119015;09010
119016;09010
119017;09010
119018;09010
119019;09010
119021;09010
119022;09010
119023;09010
119002;09011
118007;09012
119003;09013
119004;09014
119005;09015
119009;09016
119020;09017
118047;09018
119024;09019
117003;09020
117005;09020
117006;09020
117009;09020
117012;09020
117021;09020
117023;09020
117024;09020
117026;09020
117027;09020
117028;09020
118036;09020
118041;09020
118063;09020
117002;09021
117010;09022
118027;09023
118032;09024
117015;09025
118044;09026
117019;09027
118053;09028
117020;09029
117022;09029
117011;09030
117013;09030
117016;09030
117001;09031
118002;09032
118009;09033
118071;09034
117007;09035
117008;09036
117014;09037
117018;09038
117025;09039
117004;09040
117017;09040
118001;09040
118003;09040
118004;09040
118005;09040
118008;09040
118013;09040
118020;09040
118021;09040
118022;09040
118023;09040
118025;09040
118035;09040
118042;09040
118043;09040
118045;09040
118046;09040
118049;09040
118050;09040
118051;09040
118057;09040
118059;09040
118060;09040
118061;09040
118068;09040
118069;09040
118011;09041
118028;09042
118029;09043
118039;09044
118038;09045
118048;09047
118058;09048
118070;09049
118037;09050
118066;09050
118015;09051
118016;09052
118017;09053
118018;09054
118019;09055
118024;09056
118030;09057
118031;09058
118033;09059
118054;09060
118034;09061
118040;09062
118052;09063
116023;09064
114045;09065
118067;09066
118014;09067
118064;09068
118026;09069
115002;09070
115011;09070
115013;09070
115015;09070
115032;09070
115038;09070
115040;09070
115042;09070
115048;09070
115050;09070
115055;09070
115060;09070
115063;09070
115077;09070
115086;09070
115087;09070
115001;09071
115019;09072
115020;09073
115024;09074
115057;09075
115059;09076
115071;09077
115058;09078
115062;09078
115078;09079
115005;09080
115008;09080
115009;09080
115014;09080
115016;09080
115034;09080
115039;09080
115041;09080
115043;09080
115061;09080
115064;09080
115065;09080
115070;09080
115072;09080
115074;09080
115079;09080
115082;09080
115085;09080
115007;09081
115018;09082
115023;09083
115084;09084
115051;09085
115053;09086
115044;09088
115067;09088
115017;09089
115003;09090
115010;09090
115012;09090
115021;09090
115022;09090
115025;09090
115026;09090
115028;09090
115029;09090
115031;09090
115033;09090
115036;09090
115037;09090
115046;09090
115047;09090
115052;09090
115066;09090
115068;09090
115069;09090
115073;09090
115076;09090
115081;09090
115083;09090
115004;09091
115006;09092
115027;09093
115049;09093
115030;09094
115035;09095
115056;09096
115054;09097
115075;09098
115080;09099
118006;09121
118006;09122
118006;09123
118006;09124
118006;09125
118006;09126
118006;09127
118006;09128
118006;09129
118006;09131
118006;09134
115045;09170
001004;10010
001010;10010
001014;10010
001015;10010
001020;10010
001023;10010
001042;10010
001050;10010
001056;10010
001057;10010
001061;10010
001077;10010
001092;10010
001095;10010
001105;10010
001132;10010
001137;10010
001150;10010
001167;10010
001172;10010
001177;10010
001179;10010
001185;10010
001196;10010
001208;10010
001209;10010
001210;10010
001230;10010
001233;10010
001235;10010
001247;10010
001261;10010
001264;10010
001266;10010
001268;10010
001271;10010
001274;10010
001001;10011
001027;10012
001030;10013
001047;10014
001125;10015
001160;10016
001161;10017
001181;10018
001269;10019
001009;10020
001012;10020
001018;10020
001037;10020
001039;10020
001048;10020
001060;10020
001069;10020
001129;10020
001144;10020
001153;10020
001158;10020
001162;10020
001163;10020
001180;10020
001183;10020
001215;10020
001253;10020
001294;10020
001059;10022
001078;10023
001156;10024
001192;10025
001257;10026
001280;10028
001308;10029
001143;10030
001225;10030
001295;10030
001304;10030
001311;10030
001031;10031
001034;10032
001082;10034
001148;10035
001265;10036
001273;10037
001293;10038
001317;10039
001006;10040
001055;10040
001062;10040
001097;10040
001099;10040
001116;10040
001126;10040
001127;10040
001130;10040
001135;10040
001136;10040
001174;10040
001193;10040
001203;10040
001214;10040
001218;10040
001229;10040
001243;10040
001284;10040
001303;10040
001315;10040
001058;10041
001164;10042
001171;10043
001189;10044
001194;10045
001123;10046
001197;10046
001309;10048
001032;10050
001040;10050
001076;10050
001080;10050
001081;10050
001087;10050
001089;10050
001100;10050
001114;10050
001117;10050
001147;10050
001149;10050
001157;10050
001169;10050
001232;10050
001239;10050
001245;10050
001256;10050
001259;10050
001283;10050
001291;10050
001305;10050
001013;10051
001022;10052
001044;10053
001074;10054
001258;10054
001093;10055
001175;10056
001255;10057
001263;10058
001154;10059
001270;10059
001002;10060
001011;10060
001025;10060
001026;10060
001035;10060
001041;10060
001049;10060
001051;10060
001053;10060
001065;10060
001071;10060
001103;10060
001110;10060
001111;10060
001122;10060
001140;10060
001142;10060
001145;10060
001168;10060
001173;10060
001178;10060
001186;10060
001190;10060
001195;10060
001200;10060
001201;10060
001202;10060
001205;10060
001222;10060
001226;10060
001227;10060
001234;10060
001250;10060
001254;10060
001260;10060
001281;10060
001306;10060
001310;10060
001070;10061
001139;10062
001184;10063
001198;10063
001191;10064
001204;10065
001242;10065
001275;10066
001299;10067
001300;10068
001307;10069
001003;10070
001016;10070
001019;10070
001021;10070
001046;10070
001054;10070
001072;10070
001075;10070
001088;10070
001094;10070
001104;10070
001109;10070
001113;10070
001118;10070
001119;10070
001131;10070
001133;10070
001152;10070
001155;10070
001188;10070
001220;10070
001221;10070
001237;10070
001240;10070
001279;10070
001282;10070
001286;10070
001289;10070
001290;10070
001301;10070
001313;10070
001028;10071
001063;10072
001086;10073
001128;10074
001146;10075
001166;10076
001248;10077
001292;10078
001316;10079
001007;10080
001017;10080
001029;10080
001033;10080
001036;10080
001043;10080
001052;10080
001067;10080
001073;10080
001079;10080
001083;10080
001084;10080
001091;10080
001102;10080
001108;10080
001121;10080
001124;10080
001134;10080
001141;10080
001165;10080
001170;10080
001176;10080
001187;10080
001206;10080
001207;10080
001212;10080
001216;10080
001224;10080
001231;10080
001236;10080
001238;10080
001251;10080
001267;10080
001278;10080
001288;10080
001298;10080
001312;10080
001066;10081
001098;10082
001101;10083
001107;10084
001199;10085
001217;10086
001287;10087
001314;10088
001318;10089
001038;10090
001045;10090
001064;10090
001068;10090
001085;10090
001096;10090
001106;10090
001112;10090
001159;10090
001211;10090
001213;10090
001223;10090
001228;10090
001241;10090
001244;10090
001246;10090
001252;10090
001262;10090
001276;10090
001296;10090
001302;10090
001008;10091
001024;10092
001090;10093
001115;10094
001285;10094
001120;10095
001219;10098
001249;10099
001272;10121
001272;10122
001272;10123
001272;10124
001272;10125
001272;10126
001272;10127
001272;10128
001272;10129
001272;10131
001272;10132
001272;10133
001272;10134
001272;10135
001272;10136
001272;10137
001272;10138
001272;10139
001272;10141
001272;10142
001272;10143
001272;10144
001272;10145
001272;10146
001272;10147
001272;10148
001272;10149
001272;10151
001272;10152
001272;10153
001272;10154
001272;10155
001272;10156
007001;11010
007006;11010
007008;11010
007010;11010
007024;11010
007030;11010
007035;11010
007046;11010
007047;11010
007053;11010
007055;11010
007056;11010
007057;11010
007061;11010
007063;11010
007064;11010
007066;11010
007068;11010
007069;11010
007070;11010
007005;11011
007021;11012
007022;11013
007026;11014
007062;11014
007040;11015
007041;11016
007044;11017
007074;11018
007002;11020
007004;11020
007007;11020
007009;11020
007011;11020
007013;11020
007014;11020
007016;11020
007017;11020
007018;11020
007019;11020
007023;11020
007025;11020
007027;11020
007028;11020
007029;11020
007031;11020
007032;11020
007034;11020
007036;11020
007037;11020
007038;11020
007039;11020
007042;11020
007043;11020
007045;11020
007048;11020
007049;11020
007050;11020
007054;11020
007058;11020
007060;11020
007067;11020
007072;11020
007012;11022
007015;11023
007059;11023
007020;11024
007051;11024
007033;11025
007052;11026
007065;11027
007071;11028
007073;11029
007003;11100
004002;12010
004006;12010
004022;12010
004064;12010
004084;12010
004093;12010
004123;12010
004167;12010
004182;12010
004183;12010
004191;12010
004204;12010
004233;12010
004235;12010
004243;12010
004248;12010
004025;12011
004028;12012
004068;12013
004079;12014
004110;12015
004163;12016
004185;12017
004192;12018
004239;12019
004017;12020
004033;12020
004038;12020
004044;12020
004047;12020
004053;12020
004060;12020
004083;12020
004092;12020
004103;12020
004112;12020
004119;12020
004122;12020
004139;12020
004172;12020
004187;12020
004197;12020
004205;12020
004224;12020
004225;12020
004234;12020
004237;12020
004244;12020
004247;12020
004250;12020
004001;12021
004034;12022
004040;12023
004075;12024
004082;12025
004138;12025
004166;12026
004173;12027
004174;12028
004207;12029
004032;12030
004041;12030
004042;12030
004045;12030
004058;12030
004059;12030
004077;12030
004085;12030
004087;12030
004094;12030
004104;12030
004116;12030
004117;12030
004121;12030
004128;12030
004146;12030
004154;12030
004156;12030
004158;12030
004171;12030
004181;12030
004198;12030
004209;12030
004217;12030
004228;12030
004246;12030
004009;12031
004012;12032
004143;12033
004157;12034
004179;12035
004180;12036
004203;12037
004215;12038
004240;12039
004010;12040
004049;12040
004062;12040
004065;12040
004072;12040
004096;12040
004099;12040
004118;12040
004135;12040
004136;12040
004140;12040
004144;12040
004168;12040
004176;12040
004202;12040
004208;12040
004211;12040
004214;12040
004223;12040
004241;12040
004019;12041
004029;12042
004037;12043
004061;12044
004089;12045
004133;12046
004189;12047
004222;12048
004232;12049
004004;12050
004007;12050
004011;12050
004020;12050
004024;12050
004026;12050
004046;12050
004051;12050
004057;12050
004063;12050
004070;12050
004076;12050
004088;12050
004101;12050
004106;12050
004113;12050
004137;12050
004149;12050
004150;12050
004193;12050
004195;12050
004196;12050
004206;12050
004218;12050
004219;12050
004220;12050
004226;12050
004230;12050
004231;12050
004003;12051
004148;12052
004056;12053
004074;12054
004080;12055
004115;12056
004213;12058
004013;12060
004014;12060
004018;12060
004023;12060
004027;12060
004052;12060
004055;12060
004069;12060
004071;12060
004086;12060
004100;12060
004102;12060
004107;12060
004114;12060
004120;12060
004129;12060
004145;12060
004151;12060
004152;12060
004169;12060
004170;12060
004188;12060
004194;12060
004221;12060
004238;12060
004043;12061
004067;12062
004081;12063
004105;12064
004132;12065
004142;12066
004147;12068
004212;12069
004005;12070
004015;12070
004039;12070
004050;12070
004054;12070
004097;12070
004098;12070
004109;12070
004111;12070
004124;12070
004125;12070
004141;12070
004153;12070
004160;12070
004161;12070
004162;12070
004164;12070
004175;12070
004177;12070
004199;12070
004200;12070
004216;12070
004229;12070
004249;12070
004008;12071
009037;12071
004035;12072
004066;12073
004184;12073
004021;12074
004073;12074
004095;12075
004108;12076
004131;12077
004178;12077
004155;12078
004201;12079
004030;12080
004126;12080
004127;12080
004134;12080
004165;12080
004186;12080
004210;12080
004227;12080
004242;12080
004016;12081
004090;12082
004091;12083
004130;12084
004159;12087
004190;12088
004245;12089
004078;12100
002030;13010
002043;13010
002066;13010
002082;13010
002093;13010
002102;13010
002142;13010
002164;13010
002016;13011
002017;13012
002104;13012
002107;13017
002152;13018
002156;13019
002008;13020
002048;13020
002078;13020
002096;13020
002097;13020
002110;13020
002113;13020
002121;13020
002166;13020
002002;13021
002014;13022
002025;13023
002171;13024
002041;13025
002057;13025
002029;13026
002134;13027
002135;13028
002170;13029
002003;13030
002031;13030
002033;13030
002035;13030
002045;13030
002059;13030
002062;13030
002065;13030
002089;13030
002091;13030
002108;13030
002115;13030
002163;13030
002006;13031
002007;13032
002047;13033
002054;13034
002070;13034
002068;13035
002118;13036
002137;13037
002147;13038
002148;13039
002004;13040
002009;13040
002015;13040
002021;13040
002032;13040
002052;13040
002058;13040
002079;13040
002090;13040
002122;13040
002126;13040
002127;13040
002128;13040
002011;13041
002042;13043
002049;13044
002061;13045
002072;13045
002067;13046
002071;13046
002088;13047
002131;13047
002133;13048
002150;13049
002116;13060
002158;13100
096002;13811
096066;13811
096044;13812
096086;13812
096046;13814
096055;13815
096034;13816
096056;13816
096063;13817
096068;13818
096008;13821
096009;13821
096065;13823
096075;13824
096033;13831
096048;13833
096088;13835
096020;13836
096005;13841
096042;13843
096043;13844
096067;13844
096053;13845
096072;13847
096074;13847
096083;13848
096015;13851
096085;13853
096087;13854
096071;13855
096077;13856
096001;13861
096007;13862
096019;13863
096013;13864
096021;13864
096023;13865
096014;13866
096032;13866
096050;13867
096064;13868
096078;13868
096003;13871
096076;13871
096006;13872
096031;13873
096027;13874
096037;13874
096047;13875
096059;13876
096079;13877
096012;13878
096016;13881
096025;13881
096018;13882
096054;13883
096057;13884
096069;13884
096058;13885
096080;13886
096030;13887
096081;13887
096035;13888
096082;13888
096010;13891
096024;13893
096026;13894
096028;13895
096038;13895
096039;13896
096040;13897
096041;13898
096049;13899
096004;13900
005003;14010
005018;14010
005033;14010
005034;14010
005040;14010
005047;14010
005052;14010
005090;14010
005099;14010
005101;14010
005114;14010
005007;14011
005053;14012
005026;14013
005045;14013
005067;14013
005019;14014
005073;14014
005097;14015
005108;14016
005112;14017
005062;14018
005091;14018
005117;14018
005118;14019
005004;14020
005009;14020
005016;14020
005035;14020
005039;14020
005044;14020
005046;14020
005049;14020
005082;14020
005084;14020
005085;14020
005092;14020
005106;14020
005107;14020
005119;14020
005012;14021
005002;14022
005031;14022
005042;14023
005070;14024
005038;14025
005075;14025
005051;14026
005086;14026
005121;14026
005122;14027
005006;14030
005023;14030
005036;14030
005055;14030
005077;14030
005083;14030
005089;14030
005093;14030
005096;14030
005103;14030
005115;14030
005014;14031
005056;14031
005020;14032
005025;14033
005028;14034
005057;14035
005069;14036
005087;14037
005109;14039
005008;14040
005024;14040
005027;14040
005030;14040
005048;14040
005061;14040
005071;14040
005072;14040
005088;14040
005116;14040
005120;14040
005001;14041
005013;14042
005095;14042
005029;14043
005032;14044
005054;14044
005058;14045
005010;14046
005065;14046
005066;14047
005074;14048
005076;14048
005080;14049
005111;14049
005021;14050
005037;14050
005063;14050
005064;14050
005081;14050
005094;14050
005100;14050
005104;14050
005011;14051
005060;14051
005015;14052
005017;14053
005022;14054
005041;14054
005050;14055
005059;14057
005068;14058
005105;14058
005098;14059
005113;14059
005005;14100
006005;15010
006048;15010
006055;15010
006063;15010
006065;15010
006071;15010
006078;15010
006084;15010
006092;15010
006093;15010
006104;15010
006106;15010
006110;15010
006112;15010
006119;15010
006125;15010
006134;15010
006136;15010
006139;15010
006143;15010
006144;15010
006172;15010
006187;15010
006001;15011
006017;15012
006019;15013
006036;15015
006090;15015
006043;15016
006052;15017
006165;15018
006168;15019
006027;15020
006050;15020
006057;15020
006059;15020
006077;15020
006097;15020
006099;15020
006113;15020
006116;15020
006117;15020
006135;15020
006153;15020
006159;15020
006164;15020
006182;15020
006184;15020
006004;15021
006015;15022
006068;15023
006091;15024
006109;15025
006031;15026
006122;15026
006133;15027
006142;15028
006163;15029
006026;15030
006060;15030
006061;15030
006118;15030
006149;15030
006150;15030
006171;15030
006175;15030
006185;15030
006011;15031
006020;15032
006039;15033
006056;15034
006072;15035
006082;15036
006193;15037
006120;15038
006123;15039
006023;15040
006051;15040
006073;15040
006094;15040
006105;15040
006115;15040
006128;15040
006129;15040
006131;15040
006145;15040
006173;15040
006178;15040
006007;15041
006013;15042
006076;15043
006141;15044
006151;15045
006154;15046
006192;15047
006177;15048
006179;15049
006008;15050
006010;15050
006016;15050
006024;15050
006030;15050
006041;15050
006046;15050
006058;15050
006062;15050
006079;15050
006086;15050
006087;15050
006096;15050
006098;15050
006102;15050
006107;15050
006108;15050
006124;15050
006137;15050
006156;15050
006158;15050
006166;15050
006183;15050
006186;15050
006189;15050
006032;15051
006045;15051
006040;15052
006053;15053
006067;15054
006132;15055
006066;15056
006083;15056
006155;15056
006174;15057
006181;15058
006101;15059
006188;15059
006002;15060
006012;15060
006018;15060
006022;15060
006025;15060
006028;15060
006029;15060
006034;15060
006035;15060
006049;15060
006069;15060
006070;15060
006085;15060
006100;15060
006103;15060
006126;15060
006127;15060
006146;15060
006148;15060
006152;15060
006157;15060
006162;15060
006167;15060
006170;15060
006180;15060
006190;15060
006009;15061
006021;15062
006191;15063
006074;15064
006075;15065
006081;15066
006114;15067
006138;15068
006160;15069
006014;15070
006038;15070
006044;15070
006054;15070
006088;15070
006169;15070
006176;15070
006033;15071
006037;15072
006047;15073
006095;15074
006111;15075
006121;15076
006140;15077
006147;15078
006161;15079
006003;15121
006003;15122
010020;16010
010032;16010
010033;16010
010051;16010
010055;16010
010057;16010
010058;16010
010061;16010
010065;16010
010066;16010
010001;16011
010006;16012
010008;16013
010009;16014
010014;16014
010012;16015
010017;16016
010027;16017
010035;16018
010049;16019
010022;16020
010026;16020
010003;16021
010021;16022
010024;16023
010031;16024
010038;16025
010050;16025
010039;16026
010045;16027
010052;16028
010062;16029
010011;16030
010013;16030
010018;16030
010037;16030
010063;16030
010004;16031
010043;16031
010060;16031
010007;16032
010028;16033
010044;16034
010046;16035
010067;16035
010002;16036
010047;16036
010064;16036
010054;16038
010059;16039
010019;16040
010023;16040
010029;16040
010040;16040
010041;16040
010042;16040
010053;16040
010005;16041
010010;16042
010015;16043
010016;16044
010030;16045
010034;16046
010036;16047
010048;16048
010056;16049
010025;16121
010025;16122
010025;16123
010025;16124
010025;16125
010025;16126
010025;16127
010025;16128
010025;16129
010025;16131
010025;16132
010025;16133
010025;16134
010025;16135
010025;16136
010025;16137
010025;16138
010025;16139
010025;16141
010025;16142
010025;16143
010025;16144
010025;16145
010025;16146
010025;16147
010025;16148
010025;16149
010025;16151
010025;16152
010025;16153
010025;16154
010025;16155
010025;16156
010025;16157
010025;16158
010025;16159
010025;16161
010025;16162
010025;16163
010025;16164
010025;16165
010025;16166
010025;16167
009032;17010
009046;17010
009004;17011
009003;17012
009040;17013
009015;17014
009022;17015
009026;17017
009038;17017
009054;17017
009065;17019
009008;17020
009016;17020
009035;17020
009053;17020
009059;17020
009060;17020
009062;17020
009001;17021
009013;17022
009024;17023
009029;17024
009044;17024
009034;17025
009042;17026
009031;17027
009049;17027
009010;17028
009057;17028
009067;17028
009020;17030
009028;17030
009041;17030
009002;17031
009007;17032
009066;17032
009019;17033
009030;17033
009021;17034
009025;17035
009043;17037
009045;17037
009068;17038
009069;17039
009039;17040
009005;17041
009051;17042
009018;17043
009047;17043
009050;17043
009058;17044
009014;17045
009036;17045
009055;17046
009052;17047
009064;17047
009063;17048
009006;17051
009012;17052
009033;17053
009011;17054
009061;17055
009023;17056
009009;17057
009017;17057
009027;17058
009048;17058
009056;17100
008006;18010
008017;18010
008035;18010
008041;18010
008056;18010
008060;18010
008061;18010
008067;18010
008014;18011
008008;18012
008057;18012
008062;18012
008025;18013
008026;18013
008027;18013
008028;18013
008039;18014
008044;18015
008050;18015
008052;18016
008021;18017
008022;18017
008024;18017
008054;18017
008059;18018
008063;18019
008003;18020
008005;18020
008009;18020
008012;18020
008030;18020
008033;18020
008047;18020
008048;18020
008064;18020
008010;18021
008018;18022
008023;18023
008046;18024
004031;18025
008034;18025
008037;18025
008004;18026
008042;18026
008049;18026
008066;18026
008019;18027
008020;18027
008045;18027
008068;18028
008001;18030
008015;18030
008038;18030
008051;18030
008007;18031
008040;18032
008011;18033
008016;18034
008002;18035
008029;18035
008032;18035
008053;18036
008058;18036
008043;18037
008055;18038
008065;18039
008031;18100
011018;19010
011005;19011
011009;19012
011012;19013
011014;19014
011017;19015
011019;19016
011024;19017
011030;19018
011003;19020
011004;19020
011006;19020
011007;19020
011008;19020
011010;19020
011013;19020
011021;19020
011023;19020
011025;19020
011028;19020
011031;19020
011032;19020
011002;19021
011022;19025
011029;19028
011001;19031
011016;19032
011011;19033
011020;19034
011026;19037
011027;19038
011015;19121
011015;19122
011015;19123
011015;19124
011015;19125
011015;19126
011015;19131
011015;19132
011015;19133
011015;19134
011015;19135
011015;19136
011015;19137
015113;20001
015164;20002
015058;20003
015010;20004
015176;20005
015179;20006
015087;20007
015012;20008
015243;20009
015019;20010
015026;20010
015038;20010
015134;20010
015144;20010
015200;20010
015085;20011
015096;20012
015130;20013
015154;20014
015168;20015
015170;20016
015182;20017
015204;20018
015211;20019
015007;20020
015131;20020
015155;20020
015183;20020
015249;20020
015027;20021
015250;20021
015062;20022
015072;20023
015105;20024
015118;20025
015157;20026
015181;20027
015201;20028
015226;20029
015206;20030
015076;20031
015086;20032
015213;20033
015194;20034
015248;20035
015099;20036
015166;20037
015041;20038
015046;20039
015044;20040
015040;20041
015172;20042
015229;20043
015009;20044
015116;20045
015078;20046
015097;20047
015167;20048
015210;20049
015122;20050
015060;20051
015237;20052
015185;20053
015205;20054
015242;20055
015110;20056
015221;20056
015011;20057
015247;20058
015055;20059
015014;20060
015016;20060
015106;20060
015136;20060
015177;20060
015178;20060
015219;20060
015224;20060
015051;20061
015059;20062
015070;20063
015108;20064
015114;20065
015142;20066
015169;20067
015222;20067
015171;20068
015230;20069
015071;20070
015101;20070
015202;20070
015244;20070
015251;20071
015173;20072
015159;20073
015050;20074
015082;20075
015139;20076
015140;20077
015191;20078
015015;20079
015005;20080
015022;20080
015035;20080
015042;20080
015165;20080
015236;20080
015002;20081
015061;20081
015150;20081
015024;20082
015158;20082
015103;20083
015115;20084
015125;20085
015151;20086
015184;20087
015112;20088
015188;20088
015189;20089
015036;20090
015074;20090
015220;20090
015032;20091
015077;20092
015081;20093
015093;20094
015098;20095
015175;20096
015192;20097
015195;20098
015209;20099
015146;20121
015146;20122
015146;20123
015146;20124
015146;20125
015146;20126
015146;20127
015146;20128
015146;20129
015146;20131
015146;20132
015146;20133
015146;20134
015146;20135
015146;20136
015146;20137
015146;20138
015146;20139
015146;20141
015146;20142
015146;20143
015146;20144
015146;20145
015146;20146
015146;20147
015146;20148
015146;20149
015146;20151
015146;20152
015146;20153
015146;20154
015146;20155
015146;20156
015146;20157
015146;20158
015146;20159
015146;20161
015146;20162
108019;20811
108027;20812
108010;20813
108045;20814
108020;20815
108018;20816
108030;20821
108040;20822
108054;20823
108025;20824
108005;20825
108032;20826
108039;20831
108023;20832
108024;20833
108035;20834
108034;20835
108011;20836
108047;20837
108037;20838
108015;20841
108008;20842
108048;20843
108043;20844
108041;20845
108029;20846
108003;20847
108028;20851
108049;20852
108009;20853
108046;20854
108026;20855
108022;20856
108014;20857
108012;20861
108004;20862
108021;20863
108001;20864
108044;20865
108016;20866
108052;20867
108050;20871
108053;20872
108017;20873
108051;20874
108013;20875
108036;20876
108055;20877
108007;20881
108006;20882
108031;20883
108042;20884
108038;20885
108002;20886
108033;20900
012144;21009
012001;21010
012005;21010
012012;21010
012020;21010
012032;21010
012045;21010
012061;21010
012065;21010
012068;21010
012076;21010
012077;21010
012103;21010
012114;21010
012129;21010
012140;21010
012039;21011
012040;21012
012070;21013
012087;21014
012090;21015
012092;21016
012118;21017
012120;21018
012123;21019
012008;21020
012016;21020
012017;21020
012023;21020
012025;21020
012036;21020
012038;21020
012049;21020
012054;21020
012057;21020
012064;21020
012071;21020
012082;21020
012093;21020
012101;21020
012104;21020
012106;21020
012116;21020
012125;21020
012126;21020
012132;21020
012003;21021
012006;21022
012013;21023
012014;21024
012055;21025
012072;21026
012084;21027
012128;21028
012138;21029
012007;21030
012019;21030
012021;21030
012022;21030
012037;21030
012041;21030
012043;21030
012056;21030
012059;21030
012062;21030
012063;21030
012066;21030
012069;21030
012081;21030
012097;21030
012099;21030
012100;21030
012102;21030
012110;21030
012115;21030
012027;21031
012031;21032
012051;21033
012053;21034
012060;21035
012074;21036
012086;21037
012088;21038
012141;21038
012010;21039
012131;21039
012033;21040
012035;21040
012047;21040
012050;21040
012075;21040
012080;21040
012085;21040
012091;21040
012105;21040
012107;21040
012109;21040
012124;21040
012130;21040
012134;21040
012136;21040
012137;21040
012002;21041
012034;21042
012046;21043
012048;21044
012073;21045
012096;21046
012119;21047
012121;21048
012127;21049
012011;21050
012015;21050
012024;21050
012029;21050
012030;21050
012044;21050
012052;21050
012058;21050
012078;21050
012089;21050
012098;21050
012113;21050
012117;21050
012004;21051
012026;21052
012042;21053
012067;21054
012079;21055
012083;21056
012108;21057
012122;21058
012139;21059
012142;21061
012143;21062
012133;21100
013011;22010
013021;22010
013030;22010
013044;22010
013047;22010
013062;22010
013071;22010
013074;22010
013077;22010
013083;22010
013085;22010
013092;22010
013106;22010
013107;22010
013111;22010
013119;22010
013130;22010
013152;22010
013155;22010
013160;22010
013178;22010
013183;22010
013185;22010
013203;22010
013204;22010
013207;22010
013216;22010
013218;22010
013226;22010
013233;22010
013234;22010
013248;22010
013113;22011
013065;22012
013089;22013
013239;22013
013090;22014
013249;22015
013252;22016
013145;22017
013189;22018
013024;22020
013026;22020
013063;22020
013087;22020
013098;22020
013099;22020
013120;22020
013161;22020
013184;22020
013186;22020
013187;22020
013211;22020
013223;22020
013236;22020
013246;22020
013250;22021
013254;22023
013253;22024
013126;22025
013144;22026
013025;22028
013256;22029
013015;22030
013037;22030
013052;22030
013058;22030
013097;22030
013123;22030
013129;22030
013134;22030
013139;22030
013157;22030
013170;22030
013192;22030
013193;22030
013195;22030
013217;22030
013003;22031
013004;22032
013013;22033
013032;22034
013042;22035
013095;22036
013188;22037
013222;22038
013229;22039
013006;22040
013007;22040
013009;22040
013029;22040
013136;22040
013153;22040
013251;22041
013206;22042
013255;22043
013118;22044
013121;22045
013147;22046
013012;22060
013035;22060
013046;22060
013048;22060
013084;22060
013101;22060
013163;22060
013040;22061
013041;22063
013143;22066
013201;22069
013005;22070
013010;22070
013022;22070
013023;22070
013028;22070
013034;22070
013043;22070
013045;22070
013053;22070
013055;22070
013059;22070
013068;22070
013100;22070
013110;22070
013114;22070
013128;22070
013131;22070
013135;22070
013137;22070
013154;22070
013169;22070
013197;22070
013202;22070
013212;22070
013232;22070
013238;22070
013242;22070
013036;22071
013064;22072
013102;22073
013133;22074
013138;22075
013159;22076
013165;22077
013227;22078
013245;22079
013075;22100
014003;23009
014001;23010
014002;23010
014006;23010
014007;23010
014010;23010
014011;23010
014016;23010
014021;23010
014022;23010
014023;23010
014025;23010
014029;23010
014030;23010
014031;23010
014041;23010
014047;23010
014048;23010
014053;23010
014055;23010
014056;23010
014064;23010
014074;23010
014005;23011
014015;23012
014024;23013
014026;23014
014027;23015
014017;23016
014039;23016
014045;23017
014063;23018
014069;23019
014013;23020
014028;23020
014032;23020
014036;23020
014043;23020
014044;23020
014049;23020
014050;23020
014051;23020
014054;23020
014058;23020
014062;23020
014067;23020
014070;23020
014075;23020
014012;23021
014018;23022
014019;23023
014035;23024
014046;23025
014052;23026
014057;23027
014077;23029
014008;23030
014014;23030
014020;23030
014038;23030
014040;23030
014059;23030
014068;23030
014072;23030
014073;23030
014076;23030
014078;23030
014004;23031
014009;23032
014033;23033
014034;23034
014060;23035
014065;23036
014066;23037
014071;23038
014037;23041
014061;23100
097013;23801
097014;23802
097052;23804
097034;23805
097048;23807
097086;23808
097004;23811
097055;23811
097025;23813
097029;23814
097040;23815
097007;23816
097018;23817
097050;23817
097065;23818
097070;23819
097001;23821
097008;23822
097023;23823
097030;23824
097032;23824
097035;23825
097046;23826
097043;23827
097067;23828
097084;23829
097015;23831
097027;23832
097047;23832
097063;23833
097069;23834
097077;23835
097093;23836
097064;23837
097079;23837
097003;23841
097009;23842
097031;23843
097075;23844
097026;23845
097037;23846
097051;23847
097033;23848
097057;23848
097072;23849
097036;23851
097038;23852
097059;23854
097068;23855
097082;23857
097021;23861
097022;23862
097045;23864
097060;23865
097078;23867
097083;23868
097020;23870
097044;23871
097049;23873
097053;23874
097061;23875
097054;23876
097062;23877
097091;23879
097016;23880
097002;23881
097010;23883
097019;23884
097012;23885
097024;23886
097058;23887
097092;23888
097074;23889
097005;23890
097006;23891
097011;23892
097017;23893
097028;23894
097056;23895
097076;23896
097090;23897
097039;23898
097071;23899
097042;23900
016014;24010
016027;24010
016035;24010
016036;24010
016048;24010
016056;24010
016061;24010
016090;24010
016092;24010
016103;24010
016121;24010
016125;24010
016134;24010
016136;24010
016145;24010
016151;24010
016165;24010
016166;24010
016169;24010
016184;24010
016191;24010
016196;24010
016202;24010
016210;24010
016221;24010
016226;24010
016227;24010
016229;24010
016230;24010
016247;24010
016248;24010
016005;24011
016253;24012
016146;24013
016164;24014
016188;24015
016190;24016
016199;24017
016249;24017
016239;24018
016246;24019
016012;24020
016015;24020
016017;24020
016060;24020
016064;24020
016070;24020
016071;24020
016078;24020
016080;24020
016099;24020
016100;24020
016107;24020
016115;24020
016116;24020
016118;24020
016147;24020
016148;24020
016149;24020
016158;24020
016161;24020
016163;24020
016173;24020
016175;24020
016178;24020
016187;24020
016194;24020
016195;24020
016197;24020
016201;24020
016214;24020
016223;24020
016225;24020
016240;24020
016241;24020
016243;24020
016004;24021
016008;24022
016077;24023
016108;24024
016111;24025
016067;24026
016124;24026
016144;24027
016168;24028
016234;24029
016006;24030
016009;24030
016021;24030
016022;24030
016023;24030
016038;24030
016050;24030
016052;24030
016057;24030
016082;24030
016085;24030
016106;24030
016127;24030
016132;24030
016143;24030
016155;24030
016156;24030
016171;24030
016176;24030
016185;24030
016208;24030
016213;24030
016224;24030
016238;24030
016250;24030
016251;24030
016007;24031
016215;24032
016046;24033
016074;24034
016089;24035
016170;24036
016041;24037
016186;24037
016252;24038
016203;24039
016011;24040
016013;24040
016019;24040
016029;24040
016030;24040
016031;24040
016034;24040
016047;24040
016049;24040
016059;24040
016063;24040
016072;24040
016075;24040
016081;24040
016098;24040
016105;24040
016122;24040
016123;24040
016126;24040
016131;24040
016135;24040
016152;24040
016154;24040
016167;24040
016172;24040
016207;24040
016209;24040
016232;24040
016037;24041
016051;24042
016053;24043
016091;24044
016096;24045
016153;24046
016219;24047
016220;24048
016233;24049
016020;24050
016043;24050
016066;24050
016076;24050
016083;24050
016087;24050
016113;24050
016117;24050
016129;24050
016140;24050
016141;24050
016142;24050
016150;24050
016157;24050
016177;24050
016206;24050
016217;24050
016245;24050
016010;24051
016016;24052
016040;24053
016044;24054
016079;24055
016101;24056
016133;24057
016097;24058
016183;24058
016222;24059
016001;24060
016002;24060
016018;24060
016025;24060
016026;24060
016028;24060
016032;24060
016033;24060
016042;24060
016055;24060
016058;24060
016062;24060
016068;24060
016073;24060
016084;24060
016088;24060
016093;24060
016094;24060
016102;24060
016104;24060
016109;24060
016110;24060
016114;24060
016119;24060
016137;24060
016139;24060
016159;24060
016162;24060
016174;24060
016179;24060
016180;24060
016182;24060
016189;24060
016200;24060
016204;24060
016205;24060
016211;24060
016212;24060
016216;24060
016235;24060
016236;24060
016237;24060
016242;24060
016244;24060
016003;24061
016086;24062
016065;24063
016120;24064
016128;24065
016160;24066
016193;24067
016198;24068
016069;24069
016130;24069
016218;24069
016024;24121
016024;24122
016024;24123
016024;24124
016024;24125
016024;24126
016024;24127
016024;24128
016024;24129
017001;25010
017021;25010
017086;25010
017089;25010
017114;25010
017151;25010
017160;25010
017171;25010
017173;25010
017189;25010
017203;25010
017032;25011
017034;25012
017039;25013
017043;25014
017067;25015
017078;25016
017092;25017
017113;25018
017179;25019
017004;25020
017008;25020
017013;25020
017037;25020
017053;25020
017066;25020
017071;25020
017072;25020
017073;25020
017108;25020
017122;25020
017137;25020
017138;25020
017147;25020
017152;25020
017172;25020
017177;25020
017009;25021
017020;25022
017080;25023
017088;25024
017103;25025
017149;25026
017159;25027
017195;25028
017196;25029
017002;25030
017011;25030
017015;25030
017026;25030
017041;25030
017042;25030
017045;25030
017056;25030
017060;25030
017064;25030
017069;25030
017091;25030
017093;25030
017097;25030
017099;25030
017126;25030
017134;25030
017146;25030
017162;25030
017165;25030
017167;25030
017186;25030
017190;25030
017192;25030
017200;25030
017038;25031
017052;25032
017059;25033
017125;25034
017127;25035
017133;25036
017150;25037
017166;25038
017188;25039
017006;25040
017007;25040
017016;25040
017017;25040
017018;25040
017027;25040
017049;25040
017050;25040
017051;25040
017055;25040
017062;25040
017063;25040
017070;25040
017079;25040
017083;25040
017095;25040
017101;25040
017110;25040
017112;25040
017124;25040
017175;25040
017022;25042
017028;25043
017035;25044
017040;25045
017046;25046
017065;25047
017068;25048
017181;25048
017085;25049
017054;25050
017094;25050
017111;25050
017118;25050
017123;25050
017128;25050
017130;25050
017131;25050
017135;25050
017136;25050
017142;25050
017156;25050
017163;25050
017176;25050
017184;25050
017202;25050
017205;25050
017047;25051
017206;25052
017100;25053
017106;25054
017143;25055
017148;25056
017169;25057
017182;25058
017198;25059
017030;25060
017048;25060
017057;25060
017058;25060
017090;25060
017104;25060
017105;25060
017141;25060
017144;25060
017183;25060
017024;25061
017084;25061
017061;25062
017075;25063
017081;25064
017096;25065
017174;25068
017199;25069
017005;25070
017012;25070
017019;25070
017031;25070
017036;25070
017044;25070
017115;25070
017139;25070
017153;25070
017157;25070
017168;25070
017191;25070
017003;25071
017010;25072
017025;25073
017082;25074
017087;25074
017117;25075
017121;25076
017164;25077
017140;25078
017197;25078
017204;25079
017033;25080
017098;25080
017102;25080
017107;25080
017109;25080
017116;25080
017119;25080
017120;25080
017129;25080
017132;25080
017145;25080
017155;25080
017158;25080
017178;25080
017180;25080
017185;25080
017193;25080
017194;25080
017014;25081
017023;25082
017074;25083
017076;25084
017077;25085
017161;25086
017170;25087
017187;25088
017201;25089
017029;25121
017029;25122
017029;25123
017029;25124
017029;25125
017029;25126
017029;25127
017029;25128
017029;25129
017029;25131
017029;25132
017029;25133
017029;25134
017029;25135
017029;25136
019004;26010
019005;26010
019010;26010
019011;26010
019012;26010
019015;26010
019017;26010
019018;26010
019020;26010
019024;26010
019027;26010
019029;26010
019033;26010
019034;26010
019037;26010
019041;26010
019043;26010
019054;26010
019058;26010
019059;26010
019060;26010
019062;26010
019063;26010
019072;26010
019077;26010
019079;26010
019080;26010
019081;26010
019082;26010
019085;26010
019087;26010
019094;26010
019111;26010
019016;26011
019025;26012
019035;26013
019019;26014
019086;26014
019098;26015
019102;26016
019073;26017
019078;26017
019105;26017
019109;26017
019110;26018
019112;26019
019001;26020
019002;26020
019007;26020
019013;26020
019022;26020
019032;26020
019038;26020
019039;26020
019044;26020
019047;26020
019049;26020
019055;26020
019066;26020
019088;26020
019100;26020
019104;26020
019003;26021
019026;26022
019051;26023
019065;26024
019067;26025
019076;26026
019084;26027
019095;26028
019097;26029
019009;26030
019014;26030
019023;26030
019030;26030
019045;26030
019046;26030
019056;26030
019070;26030
019096;26030
019101;26030
019106;26030
019114;26030
019115;26030
019053;26031
019064;26032
019069;26033
019116;26034
019075;26035
019083;26036
019090;26037
019107;26038
019113;26039
019006;26040
019028;26040
019040;26040
019048;26040
019052;26040
019057;26040
019074;26040
019091;26040
019092;26040
019108;26040
019021;26041
019031;26042
019068;26043
019050;26044
019061;26045
019089;26046
019093;26047
019099;26048
019103;26049
019036;26100
098003;26811
098004;26812
098028;26813
098030;26814
098037;26815
098044;26816
098048;26817
098060;26818
098002;26821
098006;26822
098014;26823
098017;26824
098034;26825
098052;26826
098057;26827
098058;26828
098009;26831
098018;26832
098027;26832
098020;26833
098039;26833
098001;26834
098024;26834
098025;26835
098040;26836
098041;26837
098056;26838
098061;26839
098010;26841
098011;26842
098023;26842
098013;26843
098033;26843
098038;26843
098062;26844
098019;26845
098022;26846
098035;26847
098047;26848
098051;26849
098005;26851
098008;26852
098012;26853
098021;26854
098045;26854
098032;26855
098053;26856
098046;26857
098055;26858
098059;26859
098026;26861
098029;26862
098042;26863
098043;26864
098049;26865
098015;26866
098036;26866
098050;26866
098054;26867
098031;26900
018004;27010
018006;27010
018009;27010
018015;27010
018019;27010
018043;27010
018053;27010
018058;27010
018060;27010
018063;27010
018071;27010
018072;27010
018077;27010
018081;27010
018085;27010
018087;27010
018093;27010
018099;27010
018127;27010
018129;27010
018135;27010
018139;27010
018145;27010
018150;27010
018152;27010
018157;27010
018160;27010
018169;27010
018173;27010
018181;27010
018185;27010
018013;27011
018158;27011
018046;27012
018048;27013
018192;27014
018078;27015
018080;27016
018141;27016
018114;27017
018188;27017
018176;27018
018180;27019
018001;27020
018003;27020
018012;27020
018018;27020
018022;27020
018030;27020
018045;27020
018061;27020
018075;27020
018086;27020
018103;27020
018104;27020
018109;27020
018136;27020
018146;27020
018147;27020
018148;27020
018159;27020
018162;27020
018163;27020
018164;27020
018165;27020
018167;27020
018168;27020
018172;27020
018189;27020
018014;27021
018034;27022
018035;27023
018050;27024
018068;27025
018069;27026
018076;27027
018137;27028
018177;27029
018039;27030
018040;27030
018044;27030
018052;27030
018059;27030
018065;27030
018067;27030
018079;27030
018090;27030
018091;27030
018106;27030
018107;27030
018112;27030
018130;27030
018144;27030
018154;27030
018156;27030
018179;27030
018186;27030
018190;27030
018027;27031
018062;27032
018066;27034
018083;27034
018088;27035
018178;27035
018102;27036
018113;27037
018123;27038
018138;27039
018005;27040
018016;27040
018017;27040
018020;27040
018025;27040
018032;27040
018036;27040
018038;27040
018049;27040
018064;27040
018092;27040
018094;27040
018097;27040
018100;27040
018101;27040
018111;27040
018115;27040
018118;27040
018119;27040
018125;27040
018131;27040
018134;27040
018175;27040
018008;27041
018031;27041
018023;27042
018124;27042
018024;27043
018133;27043
018029;27044
018037;27045
018140;27046
018074;27047
018096;27047
018143;27047
018183;27047
018151;27048
018153;27049
018187;27049
018007;27050
018011;27050
018021;27050
018033;27050
018042;27050
018047;27050
018051;27050
018054;27050
018057;27050
018089;27050
018105;27050
018108;27050
018116;27050
018117;27050
018120;27050
018121;27050
018128;27050
018142;27050
018149;27050
018155;27050
018161;27050
018166;27050
018041;27051
018073;27052
018098;27052
018126;27052
018084;27053
018174;27053
018095;27054
018122;27055
018191;27056
018171;27057
018182;27058
018184;27059
018193;27061
018026;27062
018110;27100
003001;28010
003002;28010
003012;28010
003019;28010
003021;28010
003022;28010
003026;28010
003030;28010
003044;28010
003045;28010
003047;28010
003051;28010
003060;28010
003066;28010
003070;28010
003098;28010
003103;28010
003115;28010
003119;28010
003140;28010
003153;28010
003006;28011
003055;28012
003166;28013
003088;28014
003100;28015
003112;28016
003133;28017
003143;28019
003024;28021
003076;28024
003116;28028
003025;28040
003062;28040
003084;28040
003091;28040
003093;28040
003097;28040
003109;28040
003114;28040
003154;28040
003008;28041
003016;28043
003082;28045
003095;28046
003108;28047
003121;28050
003043;28053
003037;28060
003039;28060
003040;28060
003041;28060
003042;28060
003052;28060
003058;28060
003077;28060
003090;28060
003129;28060
003134;28060
003135;28060
003141;28060
003159;28060
003164;28060
003018;28061
003032;28062
003036;28064
003083;28064
003138;28064
003049;28065
003068;28066
003131;28068
003149;28069
003069;28070
003104;28070
003139;28070
003144;28070
003146;28070
003023;28071
003027;28072
003065;28073
003073;28074
003079;28075
003120;28076
003122;28077
003130;28078
003158;28079
003106;28100
103023;28801
103044;28802
103057;28803
103061;28804
103077;28805
103003;28811
103005;28812
103009;28813
103015;28814
103018;28815
103037;28816
103045;28817
103055;28818
103074;28819
103016;28821
103017;28822
103033;28823
103049;28824
103066;28826
103079;28827
103036;28828
103008;28831
103010;28832
103013;28833
103034;28836
103064;28838
103001;28841
103012;28842
103047;28843
103075;28844
103028;28845
103078;28846
103011;28851
103024;28852
103029;28853
103041;28854
103042;28855
103060;28856
103076;28856
103062;28857
103065;28858
103068;28859
103006;28861
103026;28862
103031;28863
103046;28864
103025;28865
103056;28866
103067;28868
103071;28868
103007;28871
103014;28873
103021;28875
103039;28876
103002;28877
103051;28877
103070;28879
103019;28881
103035;28883
103052;28884
103053;28885
103054;28886
103032;28887
103050;28887
103022;28891
103048;28891
103038;28893
103040;28894
103043;28895
103059;28896
103069;28897
103058;28898
103004;28899
103072;28921
103072;28922
103072;28923
103072;28924
103072;28925
033001;29010
033002;29010
033003;29010
033007;29010
033008;29010
033014;29010
033022;29010
033024;29010
033027;29010
033033;29010
033034;29010
033037;29010
033039;29010
033041;29010
033042;29010
033044;29010
033046;29010
033048;29010
033006;29011
033010;29012
033011;29013
033012;29014
033013;29015
033018;29016
033021;29017
033026;29018
033040;29019
033015;29020
033016;29020
033017;29020
033023;29020
033028;29020
033043;29020
033045;29020
033047;29020
033004;29021
033005;29022
033019;29023
033020;29024
033025;29025
033030;29026
033035;29027
033036;29028
033038;29029
033049;29031
033032;29121
033032;29122
027002;30010
027003;30010
027004;30010
027010;30010
027044;30013
027006;30014
027008;30015
027019;30016
027001;30020
027009;30020
027013;30020
027015;30020
027018;30020
027020;30020
027022;30020
027027;30020
027030;30020
027031;30020
027041;30020
027005;30021
027007;30022
027011;30023
027025;30024
027016;30025
027040;30025
027029;30026
027033;30027
027034;30028
027036;30029
027017;30030
027021;30030
027028;30030
027032;30030
027043;30030
027012;30031
027014;30032
027026;30033
027023;30034
027024;30035
027035;30036
027037;30037
027038;30038
027039;30039
027042;30121
027042;30122
027042;30123
027042;30124
027042;30125
027042;30126
027042;30132
027042;30133
027042;30135
027042;30141
027042;30142
027042;30171
027042;30172
027042;30173
027042;30174
027042;30175
027042;30176
026017;31010
026026;31010
026029;31010
026030;31010
026033;31010
026038;31010
026039;31010
026045;31010
026048;31010
026053;31010
026003;31011
026007;31012
026019;31013
026020;31014
026021;31015
026022;31016
026096;31017
026031;31018
026065;31020
026067;31020
026072;31020
026073;31020
026074;31020
026076;31020
026077;31020
026080;31020
026084;31020
026090;31020
026091;31020
026043;31021
026063;31022
026066;31023
026052;31024
026075;31025
026078;31026
026082;31027
026088;31028
026092;31029
026001;31030
026002;31030
026004;31030
026005;31030
026008;31030
026010;31030
026011;31030
026013;31030
026018;31030
026006;31031
026009;31032
026012;31033
026014;31034
026025;31035
026035;31036
026036;31037
026055;31038
026068;31039
026015;31040
026016;31040
026032;31040
026034;31040
026037;31040
026041;31040
026050;31040
026056;31040
026060;31040
026070;31040
026079;31040
026085;31040
026093;31040
026023;31041
026028;31043
026046;31044
026049;31045
026051;31046
026058;31047
026071;31048
026087;31049
026042;31050
026044;31050
026047;31050
026059;31050
026062;31050
026089;31050
026094;31050
026027;31051
026040;31052
026057;31053
026061;31054
026064;31055
026069;31056
026081;31057
026083;31058
026095;31059
026086;31100
025012;32010
025035;32010
025037;32010
025057;32010
025060;32010
025069;32010
025073;32012
025071;32013
025040;32014
025072;32016
025010;32020
025014;32020
025019;32020
025023;32020
025025;32020
025027;32020
025029;32020
025030;32020
025043;32020
025049;32020
025054;32020
025062;32020
025067;32020
025001;32021
025003;32022
025044;32023
025074;32026
025059;32027
025004;32030
025011;32030
025022;32030
025045;32030
025055;32030
025058;32030
025021;32032
025026;32033
025036;32034
025048;32035
025053;32036
025056;32037
025075;32038
025007;32040
025013;32040
025015;32040
025017;32040
025018;32040
025032;32040
025033;32040
025046;32040
025047;32040
025063;32040
025065;32040
025066;32040
025005;32041
025008;32042
025016;32043
025039;32044
025050;32045
025051;32046
025006;32100
030012;33010
030019;33010
030025;33010
030028;33010
030033;33010
030051;33010
030052;33010
030054;33010
030061;33010
030066;33010
030068;33010
030090;33010
030092;33010
030093;33010
030118;33010
030124;33010
030126;33010
030131;33010
030006;33011
030189;33012
030043;33013
030191;33014
030059;33015
030076;33016
030116;33017
030117;33018
030127;33019
030002;33020
030021;33020
030022;33020
030035;33020
030040;33020
030042;33020
030081;33020
030084;33020
030088;33020
030094;33020
030107;33020
030110;33020
030112;33020
030132;33020
030136;33020
030003;33021
030005;33022
030029;33023
030041;33024
030067;33025
030071;33026
030073;33027
030121;33028
030047;33029
030089;33029
030133;33029
030013;33030
030015;33030
030016;33030
030031;33030
030032;33030
030039;33030
030053;33030
030063;33030
030087;33030
030095;33030
030106;33030
030114;33030
030130;33030
030137;33030
030009;33031
030010;33032
030027;33033
030037;33034
030057;33035
030058;33036
030072;33037
030099;33038
030109;33039
030007;33040
030030;33040
030034;33040
030036;33040
030045;33040
030060;33040
030078;33040
030080;33040
030083;33040
030085;33040
030102;33040
030108;33040
030111;33040
030113;33040
030122;33040
030135;33040
030138;33040
030001;33041
030014;33042
030026;33043
030055;33044
030065;33045
030086;33046
030091;33047
030024;33048
030101;33048
030103;33049
030008;33050
030011;33050
030018;33050
030020;33050
030044;33050
030048;33050
030056;33050
030062;33050
030074;33050
030075;33050
030077;33050
030079;33050
030082;33050
030097;33050
030098;33050
030104;33050
030105;33050
030120;33050
030123;33050
030128;33050
030004;33051
030023;33052
030046;33053
030049;33054
030064;33055
030069;33056
030070;33057
030100;33058
030190;33059
030188;33061
093007;33070
093008;33070
093009;33070
093031;33070
093010;33072
093022;33074
093018;33075
093028;33075
093035;33076
093037;33077
093041;33078
093043;33079
093001;33080
093006;33080
093014;33080
093015;33080
093019;33080
093021;33080
093024;33080
093032;33080
093034;33080
093036;33080
093040;33080
093051;33080
093052;33080
093004;33081
093005;33082
093013;33083
093017;33084
093025;33085
093027;33086
093029;33087
093002;33090
093011;33090
093016;33090
093042;33090
093045;33090
093046;33090
093047;33090
093049;33090
093012;33092
093020;33092
093026;33092
093030;33094
093038;33095
093044;33097
093039;33098
093053;33098
093050;33099
030129;33100
093033;33170
032005;34010
032001;34011
032003;34015
032002;34016
032004;34018
031001;34070
031003;34070
031004;34070
031006;34070
031010;34070
031013;34070
031014;34070
031019;34070
031020;34070
031021;34070
031022;34070
031024;34070
031025;34070
031002;34071
031005;34072
031008;34072
031009;34073
031012;34074
031018;34075
031011;34076
031015;34076
031016;34077
031017;34078
031023;34079
032006;34121
032006;34122
032006;34123
032006;34124
032006;34125
032006;34126
032006;34127
032006;34128
032006;34129
032006;34131
032006;34132
032006;34133
032006;34134
032006;34135
032006;34136
032006;34137
032006;34138
032006;34139
032006;34141
032006;34142
032006;34143
032006;34144
032006;34145
032006;34146
032006;34147
032006;34148
032006;34149
032006;34151
031007;34170
028013;35010
028016;35010
028018;35010
028020;35010
028023;35010
028036;35010
028041;35010
028042;35010
028045;35010
028046;35010
028050;35010
028075;35010
028076;35010
028078;35010
028080;35010
028093;35010
028099;35010
028100;35010
028101;35010
028103;35010
028104;35010
028017;35011
028019;35012
028032;35013
028038;35014
028039;35015
028063;35016
028064;35017
028077;35018
028091;35019
028003;35020
028006;35020
028007;35020
028015;35020
028021;35020
028028;35020
028033;35020
028035;35020
028044;35020
028048;35020
028061;35020
028066;35020
028069;35020
028070;35020
028079;35020
028082;35020
028085;35020
028090;35020
028094;35020
028106;35020
028002;35021
028004;35022
028008;35023
028014;35024
028026;35025
028034;35026
028058;35027
028065;35028
028068;35029
028009;35030
028030;35030
028031;35030
028040;35030
028071;35030
028072;35030
028073;35030
028086;35030
028096;35030
028105;35030
028001;35031
028005;35032
028047;35034
028054;35035
028057;35036
028089;35037
028092;35038
028010;35040
028012;35040
028027;35040
028029;35040
028043;35040
028049;35040
028052;35040
028053;35040
028062;35040
028067;35040
028083;35040
028084;35040
028095;35040
028097;35040
028102;35040
028011;35041
028037;35042
028055;35043
028056;35044
028059;35045
028107;35046
028087;35047
028088;35048
028108;35049
028060;35121
028060;35122
028060;35123
028060;35124
028060;35125
028060;35126
028060;35127
028060;35128
028060;35129
028060;35131
028060;35132
028060;35133
028060;35134
028060;35135
028060;35136
028060;35137
028060;35138
028060;35139
028060;35141
028060;35142
028060;35143
024024;36010
024030;36010
024032;36010
024041;36010
024049;36010
024067;36010
024080;36010
024085;36010
024089;36010
024115;36010
024119;36010
024007;36011
024009;36012
024078;36013
024095;36014
024100;36015
024105;36016
024001;36020
024002;36020
024010;36020
024022;36020
024081;36020
024101;36020
024121;36020
024129;36020
024117;36021
024026;36022
024051;36023
024129;36024
024074;36025
024079;36026
024087;36027
024088;36028
024125;36029
024018;36030
024019;36030
024020;36030
024035;36030
024040;36030
024053;36030
024062;36030
024063;36030
024096;36030
024097;36030
024113;36030
024118;36030
024122;36030
024038;36031
024042;36032
024048;36033
024055;36034
024056;36035
024107;36036
024015;36040
024046;36040
024047;36040
024050;36040
024075;36040
024076;36040
024090;36040
024098;36040
024102;36040
024106;36040
024108;36040
024112;36040
024014;36042
024021;36043
024123;36044
024003;36045
024052;36045
024127;36046
024064;36047
024065;36047
024124;36048
024128;36049
024013;36050
024016;36050
024025;36050
024066;36050
024068;36050
024082;36050
024083;36050
024120;36050
024036;36051
024039;36052
024043;36053
024060;36054
024073;36055
024104;36056
024006;36057
024077;36060
024086;36060
024099;36060
024012;36061
024057;36063
024126;36064
024070;36065
024091;36066
024005;36070
024017;36070
024028;36070
024037;36070
024072;36070
024094;36070
024110;36070
024008;36071
024029;36072
024034;36073
024061;36075
024084;36076
024004;36077
024111;36078
024116;36100
023001;37010
023014;37010
023023;37010
023030;37010
023057;37010
023062;37010
023079;37010
023086;37010
023006;37011
023015;37012
023018;37013
023022;37014
023077;37015
023036;37016
023043;37017
023045;37018
023059;37019
023013;37020
023026;37020
023031;37020
023033;37020
023034;37020
023046;37020
023078;37020
023011;37021
023035;37022
023038;37023
023052;37024
023058;37026
023067;37028
023076;37029
023005;37030
023024;37030
023028;37030
023042;37030
023047;37030
023049;37030
023063;37030
023074;37030
023080;37030
023090;37030
023093;37030
023039;37031
023050;37032
023070;37035
023073;37036
023081;37038
023087;37039
023004;37040
023008;37040
023009;37040
023010;37040
023061;37040
023066;37040
023085;37040
023092;37040
023098;37040
023002;37041
023017;37042
023020;37043
023027;37044
023044;37045
023048;37046
023069;37047
023095;37049
023003;37050
023007;37050
023029;37050
023041;37050
023055;37050
023056;37050
023065;37050
023075;37050
023012;37051
023019;37052
023025;37053
023053;37054
023064;37055
023068;37056
023071;37057
023072;37058
023097;37059
023016;37060
023021;37060
023032;37060
023037;37060
023051;37060
023054;37060
023083;37060
023084;37060
023088;37060
023040;37063
023060;37064
023082;37066
023089;37067
023094;37068
023096;37069
023091;37121
023091;37122
023091;37123
023091;37124
023091;37125
023091;37126
023091;37127
023091;37128
023091;37129
023091;37131
023091;37132
023091;37133
023091;37134
023091;37135
023091;37136
023091;37137
023091;37138
023091;37139
023091;37141
023091;37142
022005;38010
022037;38010
022052;38010
022071;38010
022074;38010
022081;38010
022155;38010
022159;38010
022162;38010
022169;38010
022173;38010
022180;38010
022181;38010
022200;38010
022051;38011
022170;38011
022237;38011
022230;38012
022252;38013
022103;38015
022116;38016
022117;38017
022120;38018
022249;38019
022026;38020
022060;38020
022064;38020
022106;38020
022114;38020
022137;38020
022150;38020
022163;38020
022033;38022
022054;38022
022062;38023
022136;38024
022233;38025
022131;38026
022068;38027
022110;38027
022195;38027
022253;38028
022213;38029
022040;38030
022047;38030
022092;38030
022113;38030
022134;38030
022160;38030
022176;38030
022226;38030
022036;38031
022039;38032
022050;38033
022241;38034
022118;38035
022250;38036
022147;38037
022196;38038
022089;38040
022108;38040
022109;38040
022209;38040
022002;38041
022009;38042
022011;38043
022061;38045
022102;38046
022172;38047
022177;38048
022236;38049
022015;38050
022032;38050
022038;38050
022043;38050
022049;38050
022059;38050
022085;38050
022090;38050
022097;38050
022115;38050
022129;38050
022130;38050
022133;38050
022142;38050
022156;38050
022157;38050
022164;38050
022168;38050
022171;38050
022188;38050
022189;38050
022190;38050
022202;38050
022022;38051
022034;38052
022048;38053
022245;38054
022095;38055
022104;38056
022139;38057
022216;38057
022165;38059
022240;38059
022003;38060
022013;38060
022025;38060
022035;38060
022058;38060
022091;38060
022098;38060
022127;38060
022128;38060
022135;38060
022144;38060
022191;38060
022193;38060
022210;38060
022222;38060
022224;38060
022001;38061
022006;38062
022007;38063
022087;38064
022123;38065
022153;38066
022229;38067
022161;38068
022203;38068
022124;38069
022182;38070
022017;38071
022053;38073
022078;38074
022079;38074
022083;38075
022243;38076
022228;38077
022231;38078
022138;38079
022199;38079
022239;38079
022018;38080
022021;38080
022029;38080
022042;38080
022184;38080
022045;38082
022238;38083
022234;38085
022093;38086
022112;38086
022143;38086
022246;38087
022179;38088
022183;38089
022232;38091
022235;38092
022242;38093
022244;38094
022247;38095
022248;38096
022251;38097
022167;38098
022254;38099
022205;38121
022205;38122
022205;38123
021002;39010
021005;39010
021014;39010
021020;39010
021035;39010
021050;39010
021055;39010
021073;39010
021083;39010
021084;39010
021099;39010
021112;39010
021118;39010
021041;39011
021051;39012
021054;39013
021066;39014
021080;39015
021104;39016
021087;39017
021097;39018
021101;39019
021018;39020
021036;39020
021048;39020
021049;39020
021062;39020
021091;39020
021094;39020
021103;39020
021037;39021
021038;39022
021042;39023
021046;39024
021056;39025
021064;39025
021067;39026
021027;39027
021093;39028
021095;39029
021009;39030
021021;39030
021030;39030
021034;39030
021047;39030
021063;39030
021068;39030
021071;39030
021081;39030
021082;39030
021088;39030
021092;39030
021096;39030
021106;39030
021108;39030
021109;39030
021110;39030
021117;39030
021013;39031
021017;39032
021026;39033
021028;39034
021052;39035
021006;39036
021074;39037
021075;39037
021077;39038
021113;39039
021001;39040
021003;39040
021007;39040
021016;39040
021019;39040
021024;39040
021025;39040
021033;39040
021039;39040
021043;39040
021044;39040
021045;39040
021053;39040
021057;39040
021060;39040
021065;39040
021069;39040
021070;39040
021076;39040
021098;39040
021102;39040
021111;39040
021114;39040
021116;39040
021010;39041
021011;39042
021022;39043
021029;39044
021032;39045
021061;39046
021085;39047
021089;39048
021107;39049
021115;39049
021031;39050
021059;39050
021079;39050
021100;39050
021012;39051
021105;39051
021015;39052
021023;39053
021072;39054
021040;39055
021058;39056
021004;39057
021086;39058
021008;39100
037005;40010
037050;40010
037001;40011
037009;40012
037019;40013
037024;40014
037028;40015
037052;40016
037053;40017
037055;40018
037056;40019
037012;40020
037007;40021
037014;40022
037016;40023
037020;40024
037026;40025
037032;40026
037045;40027
037015;40030
037031;40030
037010;40032
037011;40033
037013;40034
037022;40035
037044;40036
037057;40037
037059;40038
037027;40041
037033;40042
037036;40043
037062;40046
037051;40048
037002;40050
037017;40050
037034;40050
037041;40050
037042;40050
037035;40051
037003;40052
037061;40053
037008;40054
037021;40055
037030;40057
037037;40059
037025;40060
037038;40061
037039;40062
037040;40063
037046;40064
037047;40065
037048;40066
037054;40068
037060;40069
037006;40121
037006;40122
037006;40123
037006;40124
037006;40125
037006;40126
037006;40127
037006;40128
037006;40129
037006;40131
037006;40132
037006;40133
037006;40134
037006;40135
037006;40136
037006;40137
037006;40138
037006;40139
037006;40141
036003;41011
036005;41012
036006;41013
036008;41014
036027;41015
036028;41016
036034;41017
036036;41018
036044;41019
036035;41020
036011;41021
036014;41022
036018;41023
036024;41025
036030;41026
036031;41027
036042;41028
036043;41029
036001;41030
036002;41030
036039;41030
036004;41031
036009;41032
036010;41033
036012;41034
036021;41036
036022;41037
036037;41038
036038;41039
036032;41040
036013;41042
036015;41043
036016;41044
036025;41045
036029;41046
036033;41048
036040;41049
036007;41051
036017;41052
036019;41053
036020;41054
036026;41055
036041;41056
036045;41057
036046;41058
036047;41059
036023;41121
036023;41122
036023;41123
036023;41124
036023;41125
036023;41126
035034;42010
035041;42010
035002;42011
035009;42012
035012;42013
035014;42014
035020;42015
035024;42016
035028;42017
035037;42018
035040;42019
035001;42020
035030;42020
035038;42020
035042;42020
035004;42021
035005;42022
035008;42023
035015;42024
035017;42025
035018;42026
035027;42027
035029;42028
035043;42030
035044;42030
035045;42030
035003;42031
035046;42032
035011;42033
035013;42034
035016;42035
035010;42040
035006;42041
035021;42042
035022;42043
035023;42044
035026;42045
035032;42046
035035;42047
035036;42048
035039;42049
035033;42121
035033;42122
035033;42123
035033;42124
034016;43010
034022;43010
034030;43010
034007;43011
034015;43012
034018;43013
034020;43014
034025;43015
034050;43016
034033;43017
034049;43018
034036;43019
034012;43021
034023;43022
034024;43024
034026;43025
034039;43028
034042;43029
034005;43030
034008;43030
034002;43032
034013;43035
034014;43036
034019;43037
034031;43038
034032;43039
034038;43040
034045;43040
034003;43041
034004;43042
034006;43043
034009;43044
034017;43045
034035;43046
034028;43047
034046;43049
034044;43050
034001;43051
034010;43052
034011;43053
034041;43056
034051;43058
034040;43059
034027;43121
034027;43122
034027;43123
034027;43124
034027;43125
034027;43126
038001;44011
038003;44012
038019;44015
038023;44019
038012;44020
038017;44020
038025;44020
038005;44021
038006;44022
038011;44023
038014;44026
038027;44027
038018;44028
038029;44033
038007;44034
038010;44037
038030;44039
038004;44042
038028;44047
038022;44049
038008;44121
038008;44122
038008;44123
038008;44124
029015;45010
029026;45010
029034;45010
029035;45010
029040;45010
029048;45010
029001;45011
029002;45012
029052;45014
029017;45015
029030;45017
029039;45018
029046;45019
029010;45020
029011;45020
029027;45020
029031;45020
029036;45020
029043;45020
029050;45020
029004;45021
029005;45022
029018;45023
029022;45024
029024;45025
029029;45026
029047;45027
029008;45030
029013;45030
029014;45030
029019;45030
029023;45030
029025;45030
029028;45030
029033;45030
029038;45030
029042;45030
029044;45030
029049;45030
029051;45030
029003;45031
029006;45032
029007;45033
029009;45034
029012;45035
029021;45036
029032;45037
029037;45038
029045;45039
029041;45100
020020;46010
020021;46010
020025;46010
020031;46010
020032;46010
020048;46010
020059;46010
020001;46011
020007;46012
020008;46013
020016;46014
020050;46017
020054;46018
020066;46019
020029;46020
020037;46020
020039;46020
020046;46020
020056;46020
020058;46020
020060;46020
020073;46021
020027;46023
020035;46024
020042;46025
020047;46026
020055;46027
020061;46028
020065;46029
020022;46030
020043;46030
020062;46030
020064;46030
020003;46031
020013;46032
020014;46033
020071;46034
020038;46035
020072;46036
020052;46037
020068;46039
020010;46040
020011;46040
020012;46040
020018;46040
020019;46040
020024;46040
020028;46040
020036;46040
020041;46040
020044;46040
020051;46040
020063;46040
020002;46041
020015;46042
020017;46043
020026;46044
020033;46045
020034;46046
020045;46047
020053;46048
020070;46049
020057;46051
020030;46100
040014;47010
040031;47010
040033;47010
040005;47011
040009;47012
040011;47013
040019;47014
040022;47015
040032;47016
040036;47017
040043;47018
040049;47019
040018;47020
040028;47020
040037;47020
040001;47021
040020;47025
040044;47027
040050;47028
040004;47030
040041;47030
040046;47030
040003;47032
040013;47034
040015;47035
040045;47039
040008;47042
040016;47043
040012;47121
040012;47122
040007;47521
040007;47522
099001;47814
099018;47822
099028;47824
099020;47826
099016;47832
099011;47833
099008;47834
099015;47835
099006;47836
099009;47837
099013;47838
099002;47841
099017;47842
099005;47843
099003;47853
099029;47854
099004;47855
099021;47861
099022;47862
099023;47863
099024;47864
099025;47865
099026;47866
099027;47867
099030;47868
099031;47869
099014;47921
099014;47922
099014;47923
099014;47924
039001;48011
039002;48012
039004;48013
039006;48014
039007;48015
039008;48017
039010;48018
039017;48020
039012;48022
039013;48024
039015;48025
039016;48026
039018;48027
039003;48031
039005;48032
039009;48033
039011;48034
039014;48121
039014;48122
039014;48123
039014;48124
039014;48125
048001;50012
048006;50013
048015;50014
048041;50018
048043;50019
048021;50022
048022;50023
048030;50025
048038;50026
048054;50028
048002;50031
048004;50032
048018;50033
048026;50034
048031;50035
048046;50036
048053;50038
048049;50039
048005;50041
048008;50050
048011;50050
048020;50050
048027;50050
048010;50051
048012;50052
048014;50053
048019;50054
048024;50055
048028;50056
048044;50058
048050;50059
048025;50060
048032;50060
048039;50060
048013;50062
048052;50063
048033;50065
048035;50066
048036;50067
048037;50068
048017;50121
048017;50122
048017;50123
048017;50124
048017;50125
048017;50126
048017;50127
048017;50129
048017;50131
048017;50132
048017;50133
048017;50134
048017;50135
048017;50136
048017;50137
048017;50139
048017;50141
048017;50142
048017;50143
048017;50144
048017;50145
047007;51010
047008;51010
047021;51010
047003;51011
047022;51013
047009;51015
047011;51016
047012;51017
047013;51018
047016;51019
047018;51020
047023;51024
047024;51028
047002;51031
047020;51034
047005;51035
047006;51036
047010;51037
047017;51039
047014;51100
051006;52010
051014;52010
051015;52010
051023;52010
051027;52010
051037;52010
051038;52010
051004;52011
051031;52014
051041;52015
051008;52016
051010;52018
051042;52019
051005;52021
051013;52022
051020;52024
051026;52025
051040;52026
051033;52027
051039;52028
051011;52029
051001;52031
051003;52032
051007;52033
051024;52035
051030;52036
051034;52037
051035;52038
051016;52041
051012;52043
051017;52044
051018;52045
051021;52046
051022;52047
051025;52048
051002;52100
052005;53011
052010;53012
052013;53013
052017;53014
052018;53015
052019;53016
052023;53017
052034;53018
052006;53019
052036;53020
052001;53021
052003;53022
052007;53023
052037;53024
052020;53025
052021;53026
052030;53027
052025;53030
052004;53031
052012;53034
052016;53035
052022;53036
052028;53037
052008;53040
052024;53040
052026;53040
052027;53040
052002;53041
052009;53042
052011;53043
052015;53045
052031;53047
052033;53048
052035;53049
052032;53100
045013;54010
045001;54011
045015;54012
045007;54013
045004;54014
045005;54015
045009;54016
045002;54021
045006;54023
045012;54026
045014;54027
045016;54028
045017;54029
045003;54033
045008;54035
045011;54038
045010;54100
046001;55011
046007;55012
046021;55015
046026;55016
046034;55019
046014;55020
046020;55020
046036;55021
046002;55022
046004;55023
046011;55025
046015;55027
046008;55030
046031;55030
046035;55030
046006;55031
046009;55032
046010;55033
046019;55034
046023;55035
046025;55036
046027;55038
046037;55039
046030;55040
046005;55041
046013;55042
046024;55045
046028;55047
046033;55049
046003;55051
046018;55054
046022;55064
046017;55100
050038;56010
050003;56011
050004;56012
050031;56017
050037;56019
050022;56020
050035;56020
050008;56021
050009;56022
050029;56025
050032;56028
050033;56029
050016;56030
050036;56030
050001;56031
050002;56032
050005;56033
050012;56034
050040;56035
050024;56036
050025;56037
050028;56038
050006;56040
050010;56040
050015;56040
050019;56040
050020;56040
050021;56040
050023;56040
050034;56040
050011;56041
050041;56042
050014;56043
050027;56045
050030;56046
050039;56048
050026;56121
050026;56122
050026;56123
050026;56124
050026;56125
050026;56126
050026;56127
050026;56128
049008;57014
049017;57016
049001;57020
049019;57020
049002;57021
049006;57022
049007;57023
049012;57025
049018;57027
049020;57028
049010;57030
049004;57031
049005;57032
049011;57033
049003;57034
049013;57036
049014;57037
049021;57038
049009;57121
049009;57122
049009;57123
049009;57124
049009;57125
049009;57126
049009;57127
049009;57128
053026;58010
053003;58011
053012;58012
053014;58014
053018;58015
053019;58017
053016;58019
053024;58020
053009;58022
053010;58023
053015;58024
053027;58025
053017;58026
053001;58031
053004;58033
053005;58034
053021;58036
053022;58037
053025;58038
053002;58042
053006;58043
053007;58044
053008;58045
053013;58051
053020;58053
053023;58054
053028;58055
053011;58100
100003;59013
100002;59015
100004;59016
100006;59021
100007;59024
100001;59025
100005;59100
042004;60010
042011;60010
042035;60010
042036;60010
042003;60011
042050;60012
042015;60013
042018;60015
042027;60018
042045;60019
042001;60020
042007;60020
042033;60020
042038;60020
042048;60020
042006;60021
042010;60022
042019;60024
042022;60025
042032;60026
042034;60027
042005;60030
042008;60030
042023;60030
042024;60030
042025;60030
042029;60030
042031;60030
042037;60030
042040;60030
042041;60030
042043;60030
042046;60030
042012;60031
042014;60033
042016;60034
042021;60035
042026;60036
042030;60037
042042;60038
042049;60039
042020;60040
042044;60041
042013;60043
042017;60044
042047;60048
042002;60121
042002;60122
042002;60123
042002;60124
042002;60125
042002;60126
042002;60127
042002;60128
042002;60129
042002;60131
041031;61010
041035;61010
041065;61010
041019;61011
041020;61012
041026;61013
041030;61020
041045;61020
041064;61020
041009;61021
041017;61021
041068;61022
041023;61023
041048;61023
041027;61024
041036;61025
041005;61026
041022;61026
041047;61026
041071;61028
041067;61029
041010;61030
041021;61030
041034;61030
041013;61032
041014;61033
041015;61034
041069;61036
041029;61037
041070;61038
041051;61039
041006;61040
041016;61040
041018;61040
041025;61040
041028;61040
041038;61040
041058;61040
041061;61040
041001;61041
041002;61042
041007;61043
041008;61044
041043;61045
041049;61046
041054;61047
041057;61048
041041;61049
041066;61049
041044;61121
041044;61122
043003;62010
043025;62010
043026;62010
043028;62010
043029;62010
043030;62010
043033;62010
043041;62010
043054;62010
043055;62010
043012;62011
043013;62012
043015;62014
043036;62014
043031;62015
043042;62017
043043;62018
043044;62019
043004;62020
043006;62020
043008;62020
043011;62020
043014;62020
043021;62020
043022;62020
043032;62020
043035;62020
043045;62020
043048;62020
043051;62020
043002;62021
043040;62021
043009;62022
043020;62022
043016;62024
043024;62024
043019;62025
043039;62025
043050;62025
043046;62026
043047;62027
043049;62028
043053;62029
043058;62031
043007;62032
043034;62034
043005;62035
043017;62035
043027;62036
043038;62036
043052;62038
043010;62039
043056;62039
043057;62039
043023;62100
044029;63061
044036;63062
044010;63063
044017;63064
044063;63065
044023;63066
044016;63067
044032;63068
044034;63069
044065;63071
044012;63072
044054;63073
044066;63074
044002;63075
044045;63076
044031;63077
044071;63078
044014;63079
044013;63081
044011;63082
044005;63083
044020;63084
044027;63085
044021;63086
044015;63087
044044;63088
044073;63091
044056;63092
044064;63093
044038;63094
044001;63095
044006;63096
044007;63100
109037;63811
109018;63812
109024;63813
109040;63814
109023;63815
109007;63816
109034;63821
109033;63822
109009;63823
109001;63824
109022;63825
109028;63826
109030;63827
109004;63828
109035;63831
109010;63832
109017;63833
109011;63834
109013;63835
109026;63836
109005;63837
109003;63838
109038;63839
109019;63841
109012;63842
109027;63843
109008;63844
109032;63845
109016;63846
109025;63847
109031;63848
109029;63851
109021;63852
109020;63853
109036;63854
109014;63855
109039;63856
109002;63857
109015;63858
109006;63900
067002;64010
067017;64010
067019;64010
067020;64010
067036;64010
067042;64010
067043;64010
067046;64010
067001;64011
067008;64012
067021;64013
067047;64014
067031;64015
067038;64016
067044;64018
067006;64020
067009;64020
067011;64020
067029;64020
067025;64021
067030;64023
067032;64024
067035;64025
067037;64026
067039;64027
067040;64028
067005;64030
067010;64030
067027;64030
067003;64031
067004;64032
067007;64033
067013;64034
067014;64035
067015;64036
067016;64037
067033;64039
067022;64040
067012;64041
067018;64042
067023;64043
067024;64044
067026;64045
067028;64046
067034;64047
067045;64049
067041;64100
068004;65010
068006;65010
068008;65010
068013;65010
068014;65010
068015;65010
068018;65010
068019;65010
068023;65010
068025;65010
068026;65010
068031;65010
068041;65010
068045;65010
068046;65010
068010;65011
068011;65012
068012;65013
068021;65014
068024;65015
068027;65017
068030;65019
068001;65020
068002;65020
068003;65020
068009;65020
068016;65020
068017;65020
068020;65020
068029;65020
068032;65020
068034;65020
068035;65020
068036;65020
068037;65020
068038;65020
068044;65020
068005;65022
068007;65023
068022;65024
068040;65025
068033;65026
068039;65027
068042;65028
068043;65029
068028;65121
068028;65122
068028;65123
068028;65124
068028;65125
068028;65126
068028;65127
068028;65128
068028;65129
069003;66010
069010;66010
069013;66010
069024;66010
069025;66010
069030;66010
069040;66010
069042;66010
069045;66010
069048;66010
069050;66010
069054;66010
069062;66010
069064;66010
069069;66010
069071;66010
069072;66010
069073;66010
069082;66010
069090;66010
069094;66010
069098;66010
069101;66010
069008;66011
069016;66012
069027;66014
069031;66015
069043;66016
069060;66017
069089;66018
069095;66019
069059;66020
069068;66020
069074;66020
069081;66020
069087;66020
069091;66020
069100;66020
069015;66021
069033;66022
069035;66023
069058;66026
069004;66030
069011;66030
069032;66030
069037;66030
069051;66030
069056;66030
069067;66030
069084;66030
069096;66030
069014;66031
069018;66032
069020;66033
069046;66034
069057;66036
069085;66037
069086;66038
069001;66040
069007;66040
069009;66040
069019;66040
069023;66040
069026;66040
069039;66040
069052;66040
069053;66040
069063;66040
069065;66040
069066;66040
069070;66040
069075;66040
069077;66040
069078;66040
069103;66040
069104;66040
069005;66041
069006;66042
069017;66043
069002;66044
069088;66045
069092;66046
069102;66047
069012;66050
069021;66050
069029;66050
069034;66050
069036;66050
069038;66050
069044;66050
069047;66050
069049;66050
069055;66050
069061;66050
069076;66050
069079;66050
069080;66050
069083;66050
069093;66050
069097;66050
069028;66051
069041;66052
069099;66054
069022;66100
066008;67010
066013;67012
066016;67013
066021;67014
066056;67015
066072;67017
066095;67019
066001;67020
066014;67020
066022;67020
066024;67020
066027;67020
066030;67020
066040;67020
066042;67020
066043;67020
066044;67020
066045;67020
066055;67020
066058;67020
066074;67020
066086;67020
066088;67020
066090;67020
066091;67020
066100;67020
066104;67020
066105;67020
066009;67021
066019;67022
066026;67023
066031;67024
066060;67025
066073;67026
066077;67027
066087;67028
066097;67029
066003;67030
066004;67030
066005;67030
066010;67030
066012;67030
066015;67030
066018;67030
066035;67030
066037;67030
066041;67030
066047;67030
066048;67030
066061;67030
066066;67030
066076;67030
066079;67030
066083;67030
066094;67030
066103;67030
066107;67030
066108;67030
066028;67031
066068;67032
066070;67033
066071;67034
066075;67035
066078;67036
066084;67037
066093;67038
066098;67039
066038;67040
066059;67040
066002;67041
066032;67043
066033;67044
066052;67045
066065;67046
066081;67047
066082;67048
066101;67049
066011;67050
066017;67050
066029;67050
066034;67050
066039;67050
066050;67050
066054;67050
066057;67050
066063;67050
066064;67050
066092;67050
066106;67050
066006;67051
066007;67052
066020;67053
066036;67054
066046;67055
066051;67056
066069;67057
066085;67058
066102;67059
066023;67060
066025;67061
066053;67062
066062;67063
066067;67064
066080;67066
066089;67067
066096;67068
066099;67069
066049;67100
072002;70010
072014;70010
072015;70010
072018;70010
072025;70010
072039;70010
072047;70010
072048;70010
072003;70011
072017;70013
072019;70014
072031;70015
072032;70016
072036;70017
072037;70018
072046;70019
072008;70020
072010;70020
072012;70020
072016;70020
072034;70020
072044;70020
072001;70021
072004;70022
072021;70023
072023;70024
072024;70025
072027;70026
072033;70027
072040;70028
072041;70029
072011;70032
072020;70033
072038;70037
072043;70038
072028;70042
072030;70043
072035;70044
072022;70054
072029;70056
072006;70121
072006;70122
072006;70123
072006;70124
072006;70125
072006;70126
072006;70127
072006;70128
072006;70129
072006;70131
072006;70132
071008;71010
071012;71010
071021;71010
071025;71010
071027;71010
071038;71010
071040;71010
071041;71010
071050;71010
071053;71010
071004;71011
071043;71012
071046;71013
071047;71014
071049;71015
071051;71016
071056;71017
071059;71018
071060;71019
071003;71020
071016;71020
071019;71020
071023;71020
071032;71020
071037;71020
071042;71020
071001;71021
071005;71022
071007;71023
071009;71024
071015;71025
071022;71026
071035;71027
071052;71028
071058;71029
071011;71030
071014;71030
071031;71030
071034;71030
071048;71030
071061;71030
071062;71030
071064;71030
071002;71031
071006;71032
071013;71033
071017;71034
071018;71035
071028;71036
071033;71037
071039;71038
071044;71039
071063;71040
071010;71041
071020;71042
071029;71043
071036;71045
071054;71047
071055;71048
071026;71051
071024;71121
071024;71122
074002;72012
074003;72013
074005;72014
074007;72015
074012;72017
074014;72018
074017;72019
074004;72020
074006;72020
074018;72020
074008;72021
074009;72022
074010;72023
074011;72024
074013;72025
074015;72026
074016;72027
074019;72028
074020;72029
074001;72100
075007;73010
075013;73010
075034;73010
075036;73010
075069;73010
075071;73010
075075;73010
075076;73010
075080;73010
075083;73010
075092;73010
075094;73010
075097;73010
075003;73011
075011;73012
075029;73013
075031;73014
075065;73015
075068;73016
075070;73017
075079;73018
075087;73019
075008;73020
075009;73020
075012;73020
075015;73020
075017;73020
075018;73020
075020;73020
075025;73020
075026;73020
075033;73020
075041;73020
075045;73020
075054;73020
075058;73020
075072;73020
075073;73020
075091;73020
075095;73020
075010;73021
075023;73022
075038;73023
075039;73024
075040;73025
075043;73026
075047;73027
075057;73028
075093;73029
075027;73030
075032;73030
075049;73030
075056;73030
075067;73030
075082;73030
075086;73030
075096;73030
075002;73031
075005;73032
075024;73033
075028;73034
075046;73035
075051;73036
075061;73037
075078;73038
075088;73039
075004;73040
075006;73040
075019;73040
075021;73040
075044;73040
075050;73040
075053;73040
075077;73040
075081;73040
075014;73041
075016;73042
075022;73043
075030;73044
075037;73045
075042;73046
075048;73047
075052;73048
075064;73049
075066;73050
075074;73050
075055;73051
075059;73052
075060;73053
075098;73054
075063;73055
075084;73056
075085;73057
075089;73058
075090;73059
075035;73100
073029;74010
073003;74011
073004;74012
073007;74013
073009;74014
073013;74015
073015;74016
073019;74017
073020;74018
073021;74019
073001;74020
073005;74020
073010;74020
073011;74020
073014;74020
073016;74020
073017;74020
073018;74020
073023;74020
073025;74020
073028;74020
073002;74021
073006;74022
073008;74023
073012;74024
073022;74026
073024;74027
073026;74028
073027;74121
073027;74122
073027;74123
077002;75010
077004;75010
077005;75010
077007;75010
077009;75010
077010;75010
077012;75010
077015;75010
077019;75010
077026;75010
077001;75011
077003;75012
077008;75013
077011;75014
077020;75015
077022;75016
077024;75017
077027;75018
077028;75019
077018;75020
077031;75020
077006;75021
077013;75022
077016;75023
077017;75024
077021;75025
077023;75026
077025;75027
077029;75028
077030;75029
077014;75100
110003;76011
110004;76012
110006;76013
110008;76014
110010;76015
110005;76016
110007;76017
110002;76121
110001;76123
110009;76125
063063;80010
063087;80010
063001;80011
063012;80012
063017;80013
063034;80014
063041;80016
063045;80017
063048;80018
063062;80019
063021;80020
063030;80020
063033;80020
063002;80021
063005;80022
063011;80023
063016;80024
063020;80025
063023;80026
063032;80027
063036;80028
063073;80029
063013;80030
063015;80030
063025;80030
063028;80030
063029;80030
063040;80030
063042;80030
063065;80030
063069;80030
063075;80030
063077;80030
063085;80030
063088;80030
063010;80031
063018;80032
063027;80033
063043;80034
063050;80035
063052;80036
063057;80038
063076;80039
063026;80040
063055;80040
063056;80040
063066;80040
063070;80040
063081;80040
063082;80040
063089;80040
063091;80040
063092;80040
063008;80041
063009;80042
063051;80044
063058;80045
063067;80046
063068;80047
063072;80048
063079;80049
063022;80050
063039;80050
063054;80050
063090;80050
063003;80051
063024;80053
063035;80054
063059;80055
063064;80056
063074;80057
063083;80058
063084;80059
063044;80061
063046;80062
063053;80063
063071;80065
063080;80067
063086;80069
063006;80070
063047;80070
063004;80071
063007;80072
063014;80073
063019;80074
063031;80075
063038;80076
063037;80077
063060;80078
063061;80079
063078;80081
063049;80121
063049;80122
063049;80123
063049;80124
063049;80125
063049;80126
063049;80127
063049;80128
063049;80129
063049;80131
063049;80132
063049;80133
063049;80134
063049;80135
063049;80136
063049;80137
063049;80138
063049;80139
063049;80141
063049;80142
063049;80143
063049;80144
063049;80145
063049;80146
063049;80147
061001;81010
061006;81010
061023;81010
061030;81010
061033;81010
061038;81010
061041;81010
061044;81010
061063;81010
061064;81010
061073;81010
061076;81010
061096;81010
061002;81011
061003;81012
061009;81013
061056;81013
061014;81014
061034;81014
061025;81016
061057;81016
061080;81016
061066;81017
061086;81017
061013;81020
061021;81020
061026;81020
061067;81020
061078;81020
061097;81020
061104;81020
061004;81021
061018;81022
061028;81023
061048;81024
061049;81025
061075;81027
061082;81028
061012;81030
061017;81030
061020;81030
061027;81030
061029;81030
061037;81030
061043;81030
061046;81030
061053;81030
061054;81030
061077;81030
061087;81030
061090;81030
061092;81030
061098;81030
061101;81030
061102;81030
061103;81030
061005;81031
061016;81032
061019;81033
061052;81034
061050;81035
061070;81035
061074;81036
061088;81037
061094;81038
061099;81039
061024;81040
061032;81040
061035;81040
061045;81040
061059;81040
061061;81040
061069;81040
061007;81041
061100;81041
061010;81042
061040;81042
061072;81042
061015;81043
061031;81044
061039;81044
061093;81044
061042;81046
061047;81047
061051;81049
061079;81049
061011;81050
061036;81050
061055;81050
061062;81050
061065;81050
061084;81050
061085;81050
061058;81051
061071;81051
061060;81052
061068;81053
061081;81054
061083;81055
061089;81056
061091;81057
061095;81058
061008;81059
061022;81100
062006;82010
062010;82010
062040;82010
062060;82010
062065;82010
062067;82010
062071;82010
062001;82011
062005;82011
062032;82011
062048;82011
062009;82013
062022;82014
062028;82015
062043;82016
062047;82017
062012;82018
062058;82018
062066;82018
062070;82019
062007;82020
062011;82020
062013;82020
062024;82020
062031;82020
062033;82020
062034;82020
062036;82020
062041;82020
062045;82020
062046;82020
062050;82020
062052;82020
062056;82020
062059;82020
062069;82020
062003;82021
062078;82021
062016;82022
062020;82023
062017;82024
062025;82024
062042;82025
062044;82026
062072;82026
062015;82027
062054;82027
062057;82028
062064;82029
062004;82030
062014;82030
062018;82030
062021;82030
062027;82030
062029;82030
062030;82030
062035;82030
062038;82030
062039;82030
062049;82030
062051;82030
062053;82030
062055;82030
062061;82030
062068;82030
062075;82030
062076;82030
062002;82031
062023;82032
062026;82033
062037;82034
062062;82034
062063;82034
062073;82036
062019;82037
062074;82037
062077;82038
062008;82100
064018;83010
064027;83010
064039;83010
064071;83010
064091;83010
064105;83010
064111;83010
064113;83010
064002;83011
064025;83012
064049;83013
064067;83014
064073;83015
064078;83016
064080;83017
064083;83018
064001;83020
064026;83020
064029;83020
064031;83020
064034;83020
064047;83020
064064;83020
064068;83020
064076;83020
064077;83020
064084;83020
064088;83020
064100;83020
064103;83020
064106;83020
064007;83021
064010;83022
064043;83023
064054;83024
064121;83025
064065;83027
064099;83028
064101;83029
064037;83030
064042;83030
064046;83030
064048;83030
064051;83030
064053;83030
064055;83030
064056;83030
064072;83030
064074;83030
064093;83030
064096;83030
064107;83030
064110;83030
064116;83030
064118;83030
064120;83030
064005;83031
064012;83032
064020;83034
064038;83035
064050;83036
064052;83037
064059;83038
064075;83039
064003;83040
064013;83040
064014;83040
064016;83040
064017;83040
064019;83040
064021;83040
064022;83040
064023;83040
064024;83040
064028;83040
064030;83040
064032;83040
064033;83040
064035;83040
064036;83040
064040;83040
064045;83040
064058;83040
064063;83040
064004;83041
064006;83042
064009;83043
064011;83044
064015;83045
064041;83046
064044;83047
064057;83048
064060;83049
064069;83050
064079;83050
064081;83050
064082;83050
064085;83050
064086;83050
064087;83050
064090;83050
064095;83050
064097;83050
064098;83050
064102;83050
064115;83050
064117;83050
064119;83050
064066;83051
064070;83052
064089;83053
064092;83054
064104;83055
064108;83056
064109;83057
064112;83058
064114;83059
064008;83100
065011;84010
065041;84010
065044;84010
065047;84010
065053;84010
065066;84010
065068;84010
065102;84010
065104;84010
065122;84010
065130;84010
065132;84010
065138;84010
065151;84010
065006;84011
065007;84012
065037;84013
065078;84014
065079;84015
065088;84016
065100;84017
065137;84018
065157;84019
065008;84020
065015;84020
065030;84020
065033;84020
065043;84020
065045;84020
065048;84020
065063;84020
065083;84020
065086;84020
065089;84020
065094;84020
065105;84020
065110;84020
065111;84020
065117;84020
065120;84020
065131;84020
065155;84020
065017;84021
065022;84022
065046;84024
065050;84025
065101;84026
065128;84027
065140;84028
065143;84029
065010;84030
065019;84030
065026;84030
065027;84030
065029;84030
065075;84030
065077;84030
065093;84030
065125;84030
065126;84030
065133;84030
065148;84030
065150;84030
065012;84031
065018;84032
065076;84033
065087;84034
065097;84035
065114;84036
065129;84037
065136;84038
065146;84039
065004;84040
065023;84040
065024;84040
065028;84040
065032;84040
065038;84040
065001;84042
065002;84043
065003;84044
065005;84045
065009;84046
065025;84047
065031;84048
065035;84049
065049;84050
065054;84050
065058;84050
065059;84050
065060;84050
065062;84050
065064;84050
065065;84050
065039;84051
065040;84052
065042;84053
065051;84055
065057;84056
065061;84057
065021;84059
065069;84060
065070;84060
065071;84060
065074;84060
065080;84060
065084;84060
065085;84060
065091;84060
065092;84060
065103;84060
065107;84060
065081;84061
065082;84062
065095;84065
065096;84066
065127;84067
065098;84068
065106;84069
065109;84070
065112;84070
065113;84070
065115;84070
065119;84070
065123;84070
065124;84070
065139;84070
065144;84070
065152;84070
065153;84070
065134;84073
065141;84074
065145;84075
065147;84076
065149;84077
065154;84078
065156;84079
065020;84080
065090;84080
065013;84081
065016;84082
065034;84083
065052;84084
065067;84085
065108;84086
065135;84087
065142;84088
065036;84090
065055;84090
065072;84090
065121;84090
065014;84091
065158;84092
065056;84095
065073;84096
065099;84098
065118;84099
065116;84121
065116;84122
065116;84123
065116;84124
065116;84125
065116;84126
065116;84127
065116;84128
065116;84129
065116;84131
065116;84132
065116;84133
065116;84134
065116;84135
076001;85010
076003;85010
076004;85010
076005;85010
076009;85010
076014;85010
076015;85010
076017;85010
076018;85010
076024;85010
076035;85010
076038;85010
076049;85010
076061;85010
076062;85010
076073;85010
076094;85010
076002;85011
076029;85012
076036;85013
076041;85014
076056;85015
076060;85016
076090;85017
076093;85018
076006;85020
076032;85020
076047;85020
076051;85020
076058;85020
076065;85020
076067;85020
076072;85020
076076;85020
076099;85020
076007;85021
076011;85022
076033;85023
076043;85024
076048;85025
076057;85026
076064;85027
076066;85028
076095;85029
076016;85030
076019;85030
076020;85030
076026;85030
076027;85030
076074;85030
076075;85030
076077;85030
076078;85030
076088;85030
076025;85031
076028;85032
076087;85032
076030;85033
076031;85034
076034;85034
076055;85035
076069;85036
076080;85037
076085;85038
076086;85039
076022;85040
076023;85040
076054;85040
076068;85040
076097;85040
076039;85042
076040;85043
076042;85044
076044;85046
076050;85047
076070;85048
076092;85049
076008;85050
076010;85050
076013;85050
076021;85050
076037;85050
076046;85050
076079;85050
076081;85050
076082;85050
076083;85050
076084;85050
076089;85050
076100;85050
076012;85051
076045;85052
076052;85053
076053;85054
076059;85055
076071;85056
076091;85057
076096;85058
076098;85059
076063;85100
070005;86010
070008;86010
070012;86010
070016;86010
070018;86010
070023;86010
070026;86010
070038;86010
070049;86010
070066;86010
070067;86010
070082;86010
070002;86011
070017;86012
070025;86013
070028;86014
070030;86015
070057;86016
070075;86017
070080;86018
070084;86019
070007;86020
070014;86020
070020;86020
070022;86020
070024;86020
070039;86020
070054;86020
070060;86020
070063;86020
070071;86020
070073;86020
070076;86020
070003;86021
070032;86022
070041;86023
070052;86024
070059;86025
070062;86026
070070;86027
070079;86028
070081;86029
070001;86030
070013;86030
070019;86030
070027;86030
070033;86030
070034;86030
070036;86030
070037;86030
070045;86030
070064;86030
070065;86030
070077;86030
070015;86031
070042;86032
070043;86033
070029;86034
070031;86035
070046;86036
070050;86037
070051;86038
070078;86039
070009;86040
070035;86040
070040;86040
070044;86040
070047;86040
070048;86040
070053;86040
070056;86040
070058;86040
070061;86040
070068;86040
070004;86041
070010;86042
070011;86043
070021;86044
070055;86045
070069;86046
070072;86047
070074;86048
070083;86049
094018;86070
094021;86070
094025;86070
094028;86070
094042;86070
094044;86070
094048;86070
094012;86071
094036;86071
094014;86072
094017;86073
094019;86074
094030;86075
094038;86077
094050;86078
094052;86079
094001;86080
094004;86080
094009;86080
094013;86080
094027;86080
094029;86080
094033;86080
094041;86080
094046;86080
094002;86081
094006;86082
094007;86083
094020;86084
094035;86085
094037;86086
094039;86087
094043;86088
094051;86089
094010;86090
094011;86090
094024;86090
094031;86090
094034;86090
094003;86091
094005;86092
094040;86092
094008;86093
094016;86094
094022;86095
094047;86095
094026;86096
094045;86096
094015;86097
094032;86097
094049;86097
070006;86100
094023;86170
078001;87010
078038;87010
078041;87010
078054;87010
078057;87010
078066;87010
078069;87010
078073;87010
078085;87010
078109;87010
078111;87010
078115;87010
078124;87010
078128;87010
078129;87010
078131;87010
078136;87010
078146;87010
078148;87010
078029;87011
078033;87012
078051;87013
078063;87014
078064;87015
078083;87016
078104;87017
078123;87018
078142;87019
078002;87020
078005;87020
078019;87020
078020;87020
078060;87020
078061;87020
078071;87020
078088;87020
078092;87020
078117;87020
078125;87020
078130;87020
078132;87020
078149;87020
078153;87020
078015;87021
078040;87022
078048;87023
078058;87024
078084;87026
078091;87027
078101;87028
078138;87029
078014;87030
078026;87030
078042;87030
078050;87030
078052;87030
078055;87030
078067;87030
078072;87030
078126;87030
078135;87030
078140;87030
078004;87031
078010;87032
078013;87033
078059;87034
078062;87035
078102;87036
078116;87037
078122;87038
078008;87040
078030;87040
078031;87040
078039;87040
078070;87040
078076;87040
078077;87040
078079;87040
078080;87040
078093;87040
078094;87040
078106;87040
078112;87040
078121;87040
078145;87040
078155;87040
078003;87041
078009;87042
078017;87043
078037;87044
078049;87045
078081;87046
078127;87047
078133;87048
078016;87050
078027;87050
078035;87050
078043;87050
078053;87050
078065;87050
078075;87050
078078;87050
078090;87050
078096;87050
078097;87050
078098;87050
078110;87050
078012;87051
078034;87053
078105;87054
078119;87055
078134;87056
078139;87057
078143;87058
078156;87059
078018;87060
078021;87060
078022;87060
078046;87060
078047;87060
078074;87060
078089;87060
078099;87060
078113;87060
078118;87060
078137;87060
078147;87060
078152;87060
078023;87061
078025;87062
078157;87064
078068;87066
078114;87069
078006;87070
078007;87070
078024;87070
078032;87070
078036;87070
078082;87070
078086;87070
078100;87070
078107;87070
078120;87070
078011;87071
078056;87072
078087;87073
078103;87074
078150;87075
078154;87076
078045;87100
079034;88020
079065;88020
079011;88021
079108;88021
079039;88022
079059;88024
079069;88025
079114;88025
079004;88040
079020;88040
079030;88040
079033;88040
079048;88040
079060;88040
079073;88040
079074;88040
079077;88040
079083;88040
079096;88040
079099;88040
079110;88040
079115;88040
079129;88040
079131;88040
079043;88041
079047;88042
079072;88044
079058;88045
079160;88046
079087;88047
079138;88049
079003;88050
079005;88050
079009;88050
079017;88050
079027;88050
079052;88050
079068;88050
079071;88050
079089;88050
079092;88050
079095;88050
079126;88050
079127;88050
079133;88050
079134;88050
079139;88050
079151;88050
079157;88050
079036;88051
079130;88054
079002;88055
079146;88055
079147;88056
079007;88060
079008;88060
079042;88060
079055;88060
079056;88060
079063;88060
079080;88060
079081;88060
079094;88060
079116;88060
079117;88060
079118;88060
079123;88060
079148;88060
079018;88062
079029;88064
079061;88065
079024;88067
079025;88067
079088;88067
079122;88067
079137;88068
079142;88069
079012;88070
079143;88071
079023;88100
101008;88811
101011;88812
101007;88813
101014;88814
101025;88816
101003;88817
101021;88817
101016;88818
101027;88819
101019;88821
101004;88822
101026;88823
101001;88824
101023;88825
101020;88831
101024;88831
101022;88832
101002;88833
101006;88833
101005;88834
101018;88835
101009;88836
101017;88837
101015;88838
101013;88841
101012;88842
101010;88900
080051;89010
080084;89010
080094;89010
080095;89010
080007;89011
080031;89012
080038;89013
080055;89014
080057;89015
080065;89016
080071;89017
080096;89018
080003;89020
080019;89020
080037;89020
080046;89020
080048;89020
080049;89020
080075;89020
080076;89020
080087;89020
080089;89020
080027;89021
080028;89022
080042;89023
080061;89024
080069;89025
080097;89026
080081;89027
080086;89028
080093;89029
080001;89030
080008;89030
080015;89030
080021;89030
080023;89030
080024;89030
080029;89030
080033;89030
080070;89030
080074;89030
080079;89030
080090;89030
080005;89031
080009;89032
080011;89033
080012;89034
080013;89035
080014;89036
080056;89038
080060;89039
080002;89040
080004;89040
080010;89040
080017;89040
080020;89040
080026;89040
080036;89040
080047;89040
080052;89040
080058;89040
080059;89040
080062;89040
080064;89040
080072;89040
080082;89040
080091;89040
080025;89041
080039;89042
080040;89043
080043;89044
080044;89045
080045;89046
080067;89047
080088;89048
080092;89049
080016;89050
080030;89050
080032;89050
080034;89050
080041;89050
080077;89050
080080;89050
080018;89052
080035;89054
080078;89056
080083;89057
080085;89058
080006;89060
080022;89060
080066;89060
080068;89060
080050;89063
080053;89064
080054;89065
080073;89069
080063;89121
080063;89122
080063;89123
080063;89124
080063;89125
080063;89126
080063;89127
080063;89128
080063;89129
080063;89131
080063;89132
080063;89133
080063;89134
080063;89135
102027;89812
102029;89813
102011;89814
102014;89815
102006;89816
102003;89817
102005;89818
102023;89819
102035;89821
102045;89821
102004;89822
102037;89822
102038;89822
102041;89822
102010;89823
102022;89823
102024;89824
102016;89831
102039;89831
102040;89831
102001;89832
102002;89832
102007;89832
102008;89833
102028;89834
102046;89834
102012;89841
102031;89841
102032;89842
102013;89843
102020;89843
102036;89843
102043;89843
102019;89844
102025;89844
102015;89851
102017;89851
102033;89851
102021;89852
102034;89853
102026;89861
102044;89861
102009;89862
102018;89863
102042;89864
102030;89866
102048;89867
102050;89867
102049;89868
102047;89900
082004;90010
082017;90010
082035;90010
082041;90010
082042;90010
082044;90010
082059;90010
082065;90010
082006;90011
082014;90012
082022;90013
082023;90014
082027;90015
082032;90016
082067;90017
082070;90018
082073;90019
082002;90020
082003;90020
082012;90020
082024;90020
082051;90020
082068;90020
082069;90020
082081;90020
082082;90020
082001;90021
082015;90022
082030;90023
082036;90024
082045;90025
082055;90026
082056;90027
082058;90028
082076;90029
082011;90030
082016;90030
082018;90030
082025;90030
082026;90030
082033;90030
082039;90030
082040;90030
082047;90030
082052;90030
082080;90030
082009;90031
082010;90032
082029;90033
082034;90034
082046;90035
082048;90036
082057;90037
082060;90038
082079;90039
082020;90040
082043;90040
082061;90040
082072;90040
082007;90041
082013;90042
082019;90043
082021;90044
082031;90045
082049;90046
082054;90047
082064;90048
082071;90049
082075;90051
082028;90052
082037;90054
082008;90061
082062;90066
082077;90070
082078;90071
082005;90072
082066;90082
082038;90084
082050;90086
082063;90088
082074;90090
082053;90121
082053;90123
082053;90124
082053;90125
082053;90126
082053;90127
082053;90128
082053;90129
082053;90131
082053;90133
082053;90134
082053;90135
082053;90136
082053;90138
082053;90139
082053;90141
082053;90142
082053;90143
082053;90144
082053;90145
082053;90146
082053;90147
082053;90149
082053;90151
081023;91010
081001;91011
081002;91012
081003;91013
081005;91014
081007;91015
081008;91016
081014;91017
081018;91018
081022;91019
081016;91020
081017;91020
081004;91021
081006;91022
081009;91023
081010;91024
081011;91025
081012;91026
081013;91027
081015;91028
081019;91029
081020;91030
081025;91031
081024;91032
081021;91100
084002;92010
084004;92010
084005;92010
084006;92010
084007;92010
084022;92010
084024;92010
084032;92010
084042;92010
084014;92011
084015;92012
084023;92013
084028;92014
084030;92015
084033;92016
084034;92017
084038;92018
084041;92019
084008;92020
084013;92020
084016;92020
084018;92020
084029;92020
084035;92020
084036;92020
084037;92020
084039;92020
084040;92020
084043;92020
084003;92021
084009;92022
084010;92023
084011;92024
084012;92025
084017;92026
084021;92027
084026;92028
084031;92029
084020;92031
084019;92035
084025;92038
084027;92044
084001;92100
085001;93010
085002;93010
085005;93010
085006;93010
085008;93010
085010;93010
085011;93010
085014;93010
085018;93010
085020;93010
085021;93010
085022;93010
085003;93011
085007;93012
085009;93013
085012;93014
085013;93015
085015;93016
085016;93017
085017;93018
085019;93019
085004;93100
086003;94010
086006;94010
086007;94010
086008;94010
086010;94010
086013;94010
086017;94010
086001;94011
086004;94012
086011;94013
086012;94014
086014;94015
086015;94016
086016;94017
086018;94018
086019;94019
086002;94020
086005;94021
086020;94028
086009;94100
087026;95010
087046;95010
087048;95010
087010;95011
087014;95012
087016;95013
087017;95014
087021;95015
087023;95016
087035;95017
087039;95018
087055;95019
087001;95020
087002;95021
087003;95022
087004;95024
087005;95025
087042;95027
087052;95028
087053;95029
087019;95030
087024;95030
087051;95030
087006;95031
087007;95032
087008;95033
087009;95034
087022;95035
087038;95036
087041;95037
087047;95038
087050;95039
087013;95040
087028;95040
087036;95040
087037;95040
087040;95040
087043;95040
087056;95040
087011;95041
087018;95042
087025;95043
087027;95044
087029;95045
087032;95046
087033;95047
087049;95048
087054;95049
087057;95050
087031;95052
087034;95053
087058;95054
087044;95055
087045;95056
087012;95058
087020;95059
087030;95062
087015;95121
087015;95122
087015;95123
087015;95124
087015;95125
087015;95126
087015;95127
087015;95128
087015;95129
087015;95131
089003;96010
089004;96010
089005;96010
089007;96010
089008;96010
089012;96010
089015;96010
089018;96010
089019;96010
089021;96010
089001;96011
089002;96012
089006;96013
089009;96014
089010;96015
089011;96016
089013;96017
089014;96018
089016;96019
089020;96026
089017;96100
088004;97010
088007;97010
088001;97011
088002;97012
088003;97013
088005;97014
088006;97015
088008;97016
088010;97017
088011;97018
088012;97019
088009;97100
083002;98020
083045;98020
083065;98020
083003;98021
083021;98022
083027;98023
083036;98025
083061;98026
083072;98027
083089;98028
083094;98029
083004;98030
083015;98030
083022;98030
083024;98030
083029;98030
083031;98030
083040;98030
083044;98030
083053;98030
083055;98030
083058;98030
083071;98030
083074;98030
083083;98030
083085;98030
083090;98030
083008;98031
083012;98032
083017;98033
083025;98034
083032;98035
083034;98036
083038;98037
083093;98038
083097;98039
083018;98040
083035;98040
083047;98040
083073;98040
083098;98040
083103;98040
083104;98040
083054;98041
083064;98042
083076;98043
083077;98044
083080;98045
083086;98046
083092;98047
083096;98048
083105;98049
083023;98050
083037;98050
083043;98050
083087;98050
083106;98050
083005;98051
083016;98053
083028;98054
083041;98055
083046;98056
083049;98057
083062;98058
083075;98059
083006;98060
083019;98060
083056;98060
083063;98060
083068;98060
083088;98060
083100;98060
083102;98060
083007;98061
083020;98062
083033;98063
083039;98064
083057;98065
083066;98066
083069;98067
083081;98068
083095;98069
083001;98070
083010;98070
083013;98070
083014;98070
083026;98070
083030;98070
083042;98070
083050;98070
083051;98070
083059;98070
083067;98070
083070;98070
083079;98070
083082;98070
083107;98070
083108;98070
083009;98071
083011;98072
083052;98073
083060;98074
083078;98075
083084;98076
083091;98077
083099;98078
083101;98079
083048;98121
083048;98122
083048;98123
083048;98124
083048;98125
083048;98126
083048;98127
083048;98128
083048;98129
083048;98131
083048;98132
083048;98133
083048;98134
083048;98135
083048;98136
083048;98137
083048;98138
083048;98139
083048;98141
083048;98142
083048;98143
083048;98144
083048;98145
083048;98146
083048;98147
083048;98148
083048;98149
083048;98151
083048;98152
083048;98153
083048;98154
083048;98155
083048;98156
083048;98157
083048;98158
083048;98161
083048;98162
083048;98163
083048;98164
083048;98165
083048;98166
083048;98167
083048;98168
999999;99999
